orthogroup,assignment_status,protein_count,species_count
OG0000000,orthogroup,28,6
OG0000001,orthogroup,21,4
OG0000002,orthogroup,21,6
OG0000003,orthogroup,18,6
OG0000004,orthogroup,18,6
OG0000005,orthogroup,18,3
OG0000006,orthogroup,18,6
OG0000007,orthogroup,17,6
OG0000008,orthogroup,17,6
OG0000009,orthogroup,16,4
OG0000010,orthogroup,16,6
OG0000011,orthogroup,15,6
OG0000012,orthogroup,15,6
OG0000013,orthogroup,14,6
OG0000014,orthogroup,14,4
OG0000015,orthogroup,14,6
OG0000016,orthogroup,14,6
OG0000017,orthogroup,13,6
OG0000018,orthogroup,13,6
OG0000019,orthogroup,13,2
OG0000020,orthogroup,12,5
OG0000021,orthogroup,12,6
OG0000022,orthogroup,12,6
OG0000023,orthogroup,12,6
OG0000024,orthogroup,12,1
OG0000025,orthogroup,12,6
OG0000026,orthogroup,12,6
OG0000027,orthogroup,12,6
OG0000028,orthogroup,12,6
OG0000029,orthogroup,12,3
OG0000030,orthogroup,11,6
OG0000031,orthogroup,11,6
OG0000032,orthogroup,11,6
OG0000033,orthogroup,11,6
OG0000034,orthogroup,11,6
OG0000035,orthogroup,11,3
OG0000036,orthogroup,11,6
OG0000037,orthogroup,11,6
OG0000038,orthogroup,11,5
OG0000039,orthogroup,11,6
OG0000040,orthogroup,11,6
OG0000041,orthogroup,11,6
OG0000042,orthogroup,11,6
OG0000043,orthogroup,11,6
OG0000044,orthogroup,11,5
OG0000045,orthogroup,11,6
OG0000046,orthogroup,11,6
OG0000047,orthogroup,11,6
OG0000048,orthogroup,11,6
OG0000049,orthogroup,10,6
OG0000050,orthogroup,10,5
OG0000051,orthogroup,10,6
OG0000052,orthogroup,10,6
OG0000053,orthogroup,10,6
OG0000054,orthogroup,10,4
OG0000055,orthogroup,10,4
OG0000056,orthogroup,10,6
OG0000057,orthogroup,10,6
OG0000058,orthogroup,10,6
OG0000059,orthogroup,10,6
OG0000060,orthogroup,10,6
OG0000061,orthogroup,10,6
OG0000062,orthogroup,10,5
OG0000063,orthogroup,10,6
OG0000064,orthogroup,10,6
OG0000065,orthogroup,10,6
OG0000066,orthogroup,10,6
OG0000067,orthogroup,10,6
OG0000068,orthogroup,10,6
OG0000069,orthogroup,10,6
OG0000070,orthogroup,10,6
OG0000071,orthogroup,10,6
OG0000072,orthogroup,10,6
OG0000073,orthogroup,10,6
OG0000074,orthogroup,10,6
OG0000075,orthogroup,10,5
OG0000076,orthogroup,9,6
OG0000077,orthogroup,9,6
OG0000078,orthogroup,9,6
OG0000079,orthogroup,9,6
OG0000080,orthogroup,9,5
OG0000081,orthogroup,9,6
OG0000082,orthogroup,9,6
OG0000083,orthogroup,9,5
OG0000084,orthogroup,9,4
OG0000085,orthogroup,9,6
OG0000086,orthogroup,9,3
OG0000087,orthogroup,9,6
OG0000088,orthogroup,9,6
OG0000089,orthogroup,9,6
OG0000090,orthogroup,9,5
OG0000091,orthogroup,9,6
OG0000092,orthogroup,9,6
OG0000093,orthogroup,9,6
OG0000094,orthogroup,9,6
OG0000095,orthogroup,9,6
OG0000096,orthogroup,9,6
OG0000097,orthogroup,9,6
OG0000098,orthogroup,9,5
OG0000099,orthogroup,9,6
OG0000100,orthogroup,9,5
OG0000101,orthogroup,9,4
OG0000102,orthogroup,9,6
OG0000103,orthogroup,9,6
OG0000104,orthogroup,9,6
OG0000105,orthogroup,9,6
OG0000106,orthogroup,9,6
OG0000107,orthogroup,9,6
OG0000108,orthogroup,9,6
OG0000109,orthogroup,9,5
OG0000110,orthogroup,9,5
OG0000111,orthogroup,8,6
OG0000112,orthogroup,8,5
OG0000113,orthogroup,8,3
OG0000114,orthogroup,8,3
OG0000115,orthogroup,8,5
OG0000116,orthogroup,8,4
OG0000117,orthogroup,8,6
OG0000118,orthogroup,8,6
OG0000119,orthogroup,8,5
OG0000120,orthogroup,8,6
OG0000121,orthogroup,8,6
OG0000122,orthogroup,8,6
OG0000123,orthogroup,8,6
OG0000124,orthogroup,8,3
OG0000125,orthogroup,8,3
OG0000126,orthogroup,8,6
OG0000127,orthogroup,8,6
OG0000128,orthogroup,8,6
OG0000129,orthogroup,8,6
OG0000130,orthogroup,8,6
OG0000131,orthogroup,8,6
OG0000132,orthogroup,8,6
OG0000133,orthogroup,8,4
OG0000134,orthogroup,8,6
OG0000135,orthogroup,8,6
OG0000136,orthogroup,8,6
OG0000137,orthogroup,8,6
OG0000138,orthogroup,8,6
OG0000139,orthogroup,8,6
OG0000140,orthogroup,8,6
OG0000141,orthogroup,8,6
OG0000142,orthogroup,8,6
OG0000143,orthogroup,8,5
OG0000144,orthogroup,8,6
OG0000145,orthogroup,8,5
OG0000146,orthogroup,8,6
OG0000147,orthogroup,8,6
OG0000148,orthogroup,8,6
OG0000149,orthogroup,8,6
OG0000150,orthogroup,8,6
OG0000151,orthogroup,8,6
OG0000152,orthogroup,8,6
OG0000153,orthogroup,8,6
OG0000154,orthogroup,8,6
OG0000155,orthogroup,8,6
OG0000156,orthogroup,8,6
OG0000157,orthogroup,8,6
OG0000158,orthogroup,8,6
OG0000159,orthogroup,8,6
OG0000160,orthogroup,8,6
OG0000161,orthogroup,8,6
OG0000162,orthogroup,8,6
OG0000163,orthogroup,8,6
OG0000164,orthogroup,8,6
OG0000165,orthogroup,8,6
OG0000166,orthogroup,8,6
OG0000167,orthogroup,8,6
OG0000168,orthogroup,8,6
OG0000169,orthogroup,8,6
OG0000170,orthogroup,8,6
OG0000171,orthogroup,8,6
OG0000172,orthogroup,8,6
OG0000173,orthogroup,8,6
OG0000174,orthogroup,8,6
OG0000175,orthogroup,8,4
OG0000176,orthogroup,8,5
OG0000177,orthogroup,8,5
OG0000178,orthogroup,8,5
OG0000179,orthogroup,8,5
OG0000180,orthogroup,8,5
OG0000181,orthogroup,8,5
OG0000182,orthogroup,8,5
OG0000183,orthogroup,8,4
OG0000184,orthogroup,8,5
OG0000185,orthogroup,8,5
OG0000186,orthogroup,8,2
OG0000187,orthogroup,7,5
OG0000188,orthogroup,7,6
OG0000189,orthogroup,7,4
OG0000190,orthogroup,7,3
OG0000191,orthogroup,7,6
OG0000192,orthogroup,7,6
OG0000193,orthogroup,7,6
OG0000194,orthogroup,7,6
OG0000195,orthogroup,7,5
OG0000196,orthogroup,7,6
OG0000197,orthogroup,7,6
OG0000198,orthogroup,7,6
OG0000199,orthogroup,7,6
OG0000200,orthogroup,7,6
OG0000201,orthogroup,7,4
OG0000202,orthogroup,7,6
OG0000203,orthogroup,7,6
OG0000204,orthogroup,7,6
OG0000205,orthogroup,7,6
OG0000206,orthogroup,7,6
OG0000207,orthogroup,7,5
OG0000208,orthogroup,7,6
OG0000209,orthogroup,7,6
OG0000210,orthogroup,7,6
OG0000211,orthogroup,7,6
OG0000212,orthogroup,7,6
OG0000213,orthogroup,7,6
OG0000214,orthogroup,7,6
OG0000215,orthogroup,7,6
OG0000216,orthogroup,7,6
OG0000217,orthogroup,7,6
OG0000218,orthogroup,7,3
OG0000219,orthogroup,7,4
OG0000220,orthogroup,7,6
OG0000221,orthogroup,7,6
OG0000222,orthogroup,7,5
OG0000223,orthogroup,7,5
OG0000224,orthogroup,7,5
OG0000225,orthogroup,7,6
OG0000226,orthogroup,7,6
OG0000227,orthogroup,7,6
OG0000228,orthogroup,7,6
OG0000229,orthogroup,7,6
OG0000230,orthogroup,7,6
OG0000231,orthogroup,7,6
OG0000232,orthogroup,7,6
OG0000233,orthogroup,7,6
OG0000234,orthogroup,7,6
OG0000235,orthogroup,7,6
OG0000236,orthogroup,7,6
OG0000237,orthogroup,7,6
OG0000238,orthogroup,7,6
OG0000239,orthogroup,7,6
OG0000240,orthogroup,7,6
OG0000241,orthogroup,7,6
OG0000242,orthogroup,7,6
OG0000243,orthogroup,7,6
OG0000244,orthogroup,7,6
OG0000245,orthogroup,7,6
OG0000246,orthogroup,7,6
OG0000247,orthogroup,7,6
OG0000248,orthogroup,7,5
OG0000249,orthogroup,7,6
OG0000250,orthogroup,7,5
OG0000251,orthogroup,7,6
OG0000252,orthogroup,7,6
OG0000253,orthogroup,7,6
OG0000254,orthogroup,7,6
OG0000255,orthogroup,7,6
OG0000256,orthogroup,7,6
OG0000257,orthogroup,7,6
OG0000258,orthogroup,7,6
OG0000259,orthogroup,7,6
OG0000260,orthogroup,7,6
OG0000261,orthogroup,7,6
OG0000262,orthogroup,7,6
OG0000263,orthogroup,7,6
OG0000264,orthogroup,7,6
OG0000265,orthogroup,7,6
OG0000266,orthogroup,7,5
OG0000267,orthogroup,7,5
OG0000268,orthogroup,7,6
OG0000269,orthogroup,7,6
OG0000270,orthogroup,7,6
OG0000271,orthogroup,7,6
OG0000272,orthogroup,7,6
OG0000273,orthogroup,7,6
OG0000274,orthogroup,7,6
OG0000275,orthogroup,7,6
OG0000276,orthogroup,7,6
OG0000277,orthogroup,7,6
OG0000278,orthogroup,7,6
OG0000279,orthogroup,7,6
OG0000280,orthogroup,7,6
OG0000281,orthogroup,7,6
OG0000282,orthogroup,7,6
OG0000283,orthogroup,7,6
OG0000284,orthogroup,7,6
OG0000285,orthogroup,7,6
OG0000286,orthogroup,7,6
OG0000287,orthogroup,7,6
OG0000288,orthogroup,7,6
OG0000289,orthogroup,7,5
OG0000290,orthogroup,7,3
OG0000291,orthogroup,7,3
OG0000292,orthogroup,7,6
OG0000293,orthogroup,7,6
OG0000294,orthogroup,7,6
OG0000295,orthogroup,7,6
OG0000296,orthogroup,7,6
OG0000297,orthogroup,7,6
OG0000298,orthogroup,7,6
OG0000299,orthogroup,7,6
OG0000300,orthogroup,7,6
OG0000301,orthogroup,7,6
OG0000302,orthogroup,7,6
OG0000303,orthogroup,7,6
OG0000304,orthogroup,7,6
OG0000305,orthogroup,7,6
OG0000306,orthogroup,7,6
OG0000307,orthogroup,7,6
OG0000308,orthogroup,7,6
OG0000309,orthogroup,7,6
OG0000310,orthogroup,7,6
OG0000311,orthogroup,7,6
OG0000312,orthogroup,7,6
OG0000313,orthogroup,7,6
OG0000314,orthogroup,7,6
OG0000315,orthogroup,7,6
OG0000316,orthogroup,7,6
OG0000317,orthogroup,7,6
OG0000318,orthogroup,7,6
OG0000319,orthogroup,7,6
OG0000320,orthogroup,7,6
OG0000321,orthogroup,7,6
OG0000322,orthogroup,7,6
OG0000323,orthogroup,7,6
OG0000324,orthogroup,7,6
OG0000325,orthogroup,7,6
OG0000326,orthogroup,7,6
OG0000327,orthogroup,7,6
OG0000328,orthogroup,7,6
OG0000329,orthogroup,7,6
OG0000330,orthogroup,7,6
OG0000331,orthogroup,7,6
OG0000332,orthogroup,7,6
OG0000333,orthogroup,7,6
OG0000334,orthogroup,7,6
OG0000335,orthogroup,7,6
OG0000336,orthogroup,7,6
OG0000337,orthogroup,7,6
OG0000338,orthogroup,7,6
OG0000339,orthogroup,7,6
OG0000340,orthogroup,7,6
OG0000341,orthogroup,7,6
OG0000342,orthogroup,7,6
OG0000343,orthogroup,7,6
OG0000344,orthogroup,7,5
OG0000345,orthogroup,7,5
OG0000346,orthogroup,7,6
OG0000347,orthogroup,7,6
OG0000348,orthogroup,7,6
OG0000349,orthogroup,7,6
OG0000350,orthogroup,7,6
OG0000351,orthogroup,7,5
OG0000352,orthogroup,7,5
OG0000353,orthogroup,7,5
OG0000354,orthogroup,7,6
OG0000355,orthogroup,7,6
OG0000356,orthogroup,7,6
OG0000357,orthogroup,7,6
OG0000358,orthogroup,7,6
OG0000359,orthogroup,7,6
OG0000360,orthogroup,7,5
OG0000361,orthogroup,7,5
OG0000362,orthogroup,7,5
OG0000363,orthogroup,7,5
OG0000364,orthogroup,7,4
OG0000365,orthogroup,7,2
OG0000366,orthogroup,6,6
OG0000367,orthogroup,6,6
OG0000368,orthogroup,6,6
OG0000369,orthogroup,6,6
OG0000370,orthogroup,6,6
OG0000371,orthogroup,6,6
OG0000372,orthogroup,6,6
OG0000373,orthogroup,6,6
OG0000374,orthogroup,6,6
OG0000375,orthogroup,6,6
OG0000376,orthogroup,6,6
OG0000377,orthogroup,6,6
OG0000378,orthogroup,6,6
OG0000379,orthogroup,6,6
OG0000380,orthogroup,6,6
OG0000381,orthogroup,6,6
OG0000382,orthogroup,6,6
OG0000383,orthogroup,6,6
OG0000384,orthogroup,6,6
OG0000385,orthogroup,6,6
OG0000386,orthogroup,6,6
OG0000387,orthogroup,6,6
OG0000388,orthogroup,6,6
OG0000389,orthogroup,6,6
OG0000390,orthogroup,6,6
OG0000391,orthogroup,6,6
OG0000392,orthogroup,6,6
OG0000393,orthogroup,6,6
OG0000394,orthogroup,6,6
OG0000395,orthogroup,6,6
OG0000396,orthogroup,6,6
OG0000397,orthogroup,6,6
OG0000398,orthogroup,6,6
OG0000399,orthogroup,6,6
OG0000400,orthogroup,6,6
OG0000401,orthogroup,6,6
OG0000402,orthogroup,6,6
OG0000403,orthogroup,6,6
OG0000404,orthogroup,6,5
OG0000405,orthogroup,6,6
OG0000406,orthogroup,6,6
OG0000407,orthogroup,6,6
OG0000408,orthogroup,6,6
OG0000409,orthogroup,6,6
OG0000410,orthogroup,6,6
OG0000411,orthogroup,6,6
OG0000412,orthogroup,6,6
OG0000413,orthogroup,6,6
OG0000414,orthogroup,6,6
OG0000415,orthogroup,6,6
OG0000416,orthogroup,6,6
OG0000417,orthogroup,6,6
OG0000418,orthogroup,6,6
OG0000419,orthogroup,6,4
OG0000420,orthogroup,6,6
OG0000421,orthogroup,6,6
OG0000422,orthogroup,6,6
OG0000423,orthogroup,6,6
OG0000424,orthogroup,6,6
OG0000425,orthogroup,6,6
OG0000426,orthogroup,6,6
OG0000427,orthogroup,6,6
OG0000428,orthogroup,6,6
OG0000429,orthogroup,6,6
OG0000430,orthogroup,6,6
OG0000431,orthogroup,6,6
OG0000432,orthogroup,6,6
OG0000433,orthogroup,6,6
OG0000434,orthogroup,6,6
OG0000435,orthogroup,6,6
OG0000436,orthogroup,6,6
OG0000437,orthogroup,6,6
OG0000438,orthogroup,6,6
OG0000439,orthogroup,6,6
OG0000440,orthogroup,6,6
OG0000441,orthogroup,6,6
OG0000442,orthogroup,6,6
OG0000443,orthogroup,6,6
OG0000444,orthogroup,6,6
OG0000445,orthogroup,6,6
OG0000446,orthogroup,6,6
OG0000447,orthogroup,6,6
OG0000448,orthogroup,6,6
OG0000449,orthogroup,6,6
OG0000450,orthogroup,6,6
OG0000451,orthogroup,6,6
OG0000452,orthogroup,6,6
OG0000453,orthogroup,6,6
OG0000454,orthogroup,6,6
OG0000455,orthogroup,6,6
OG0000456,orthogroup,6,6
OG0000457,orthogroup,6,6
OG0000458,orthogroup,6,6
OG0000459,orthogroup,6,6
OG0000460,orthogroup,6,6
OG0000461,orthogroup,6,6
OG0000462,orthogroup,6,6
OG0000463,orthogroup,6,6
OG0000464,orthogroup,6,6
OG0000465,orthogroup,6,6
OG0000466,orthogroup,6,6
OG0000467,orthogroup,6,6
OG0000468,orthogroup,6,6
OG0000469,orthogroup,6,6
OG0000470,orthogroup,6,6
OG0000471,orthogroup,6,5
OG0000472,orthogroup,6,6
OG0000473,orthogroup,6,6
OG0000474,orthogroup,6,6
OG0000475,orthogroup,6,6
OG0000476,orthogroup,6,6
OG0000477,orthogroup,6,6
OG0000478,orthogroup,6,6
OG0000479,orthogroup,6,6
OG0000480,orthogroup,6,6
OG0000481,orthogroup,6,6
OG0000482,orthogroup,6,6
OG0000483,orthogroup,6,6
OG0000484,orthogroup,6,6
OG0000485,orthogroup,6,6
OG0000486,orthogroup,6,6
OG0000487,orthogroup,6,6
OG0000488,orthogroup,6,6
OG0000489,orthogroup,6,6
OG0000490,orthogroup,6,6
OG0000491,orthogroup,6,6
OG0000492,orthogroup,6,6
OG0000493,orthogroup,6,6
OG0000494,orthogroup,6,6
OG0000495,orthogroup,6,6
OG0000496,orthogroup,6,6
OG0000497,orthogroup,6,6
OG0000498,orthogroup,6,6
OG0000499,orthogroup,6,6
OG0000500,orthogroup,6,6
OG0000501,orthogroup,6,6
OG0000502,orthogroup,6,6
OG0000503,orthogroup,6,6
OG0000504,orthogroup,6,6
OG0000505,orthogroup,6,6
OG0000506,orthogroup,6,6
OG0000507,orthogroup,6,6
OG0000508,orthogroup,6,5
OG0000509,orthogroup,6,6
OG0000510,orthogroup,6,6
OG0000511,orthogroup,6,4
OG0000512,orthogroup,6,6
OG0000513,orthogroup,6,5
OG0000514,orthogroup,6,6
OG0000515,orthogroup,6,6
OG0000516,orthogroup,6,6
OG0000517,orthogroup,6,6
OG0000518,orthogroup,6,6
OG0000519,orthogroup,6,6
OG0000520,orthogroup,6,6
OG0000521,orthogroup,6,6
OG0000522,orthogroup,6,6
OG0000523,orthogroup,6,6
OG0000524,orthogroup,6,6
OG0000525,orthogroup,6,6
OG0000526,orthogroup,6,4
OG0000527,orthogroup,6,6
OG0000528,orthogroup,6,4
OG0000529,orthogroup,6,6
OG0000530,orthogroup,6,6
OG0000531,orthogroup,6,6
OG0000532,orthogroup,6,6
OG0000533,orthogroup,6,6
OG0000534,orthogroup,6,6
OG0000535,orthogroup,6,6
OG0000536,orthogroup,6,6
OG0000537,orthogroup,6,6
OG0000538,orthogroup,6,6
OG0000539,orthogroup,6,6
OG0000540,orthogroup,6,6
OG0000541,orthogroup,6,6
OG0000542,orthogroup,6,6
OG0000543,orthogroup,6,6
OG0000544,orthogroup,6,6
OG0000545,orthogroup,6,6
OG0000546,orthogroup,6,6
OG0000547,orthogroup,6,6
OG0000548,orthogroup,6,6
OG0000549,orthogroup,6,6
OG0000550,orthogroup,6,6
OG0000551,orthogroup,6,6
OG0000552,orthogroup,6,6
OG0000553,orthogroup,6,6
OG0000554,orthogroup,6,6
OG0000555,orthogroup,6,6
OG0000556,orthogroup,6,6
OG0000557,orthogroup,6,6
OG0000558,orthogroup,6,6
OG0000559,orthogroup,6,6
OG0000560,orthogroup,6,6
OG0000561,orthogroup,6,6
OG0000562,orthogroup,6,6
OG0000563,orthogroup,6,6
OG0000564,orthogroup,6,6
OG0000565,orthogroup,6,6
OG0000566,orthogroup,6,6
OG0000567,orthogroup,6,6
OG0000568,orthogroup,6,6
OG0000569,orthogroup,6,6
OG0000570,orthogroup,6,6
OG0000571,orthogroup,6,6
OG0000572,orthogroup,6,6
OG0000573,orthogroup,6,6
OG0000574,orthogroup,6,6
OG0000575,orthogroup,6,6
OG0000576,orthogroup,6,6
OG0000577,orthogroup,6,6
OG0000578,orthogroup,6,6
OG0000579,orthogroup,6,6
OG0000580,orthogroup,6,6
OG0000581,orthogroup,6,6
OG0000582,orthogroup,6,6
OG0000583,orthogroup,6,6
OG0000584,orthogroup,6,6
OG0000585,orthogroup,6,6
OG0000586,orthogroup,6,6
OG0000587,orthogroup,6,6
OG0000588,orthogroup,6,6
OG0000589,orthogroup,6,6
OG0000590,orthogroup,6,6
OG0000591,orthogroup,6,6
OG0000592,orthogroup,6,6
OG0000593,orthogroup,6,6
OG0000594,orthogroup,6,6
OG0000595,orthogroup,6,6
OG0000596,orthogroup,6,6
OG0000597,orthogroup,6,6
OG0000598,orthogroup,6,6
OG0000599,orthogroup,6,6
OG0000600,orthogroup,6,6
OG0000601,orthogroup,6,6
OG0000602,orthogroup,6,6
OG0000603,orthogroup,6,6
OG0000604,orthogroup,6,6
OG0000605,orthogroup,6,6
OG0000606,orthogroup,6,6
OG0000607,orthogroup,6,6
OG0000608,orthogroup,6,6
OG0000609,orthogroup,6,6
OG0000610,orthogroup,6,6
OG0000611,orthogroup,6,6
OG0000612,orthogroup,6,6
OG0000613,orthogroup,6,6
OG0000614,orthogroup,6,6
OG0000615,orthogroup,6,6
OG0000616,orthogroup,6,6
OG0000617,orthogroup,6,6
OG0000618,orthogroup,6,6
OG0000619,orthogroup,6,6
OG0000620,orthogroup,6,6
OG0000621,orthogroup,6,6
OG0000622,orthogroup,6,6
OG0000623,orthogroup,6,6
OG0000624,orthogroup,6,6
OG0000625,orthogroup,6,6
OG0000626,orthogroup,6,6
OG0000627,orthogroup,6,6
OG0000628,orthogroup,6,6
OG0000629,orthogroup,6,6
OG0000630,orthogroup,6,6
OG0000631,orthogroup,6,6
OG0000632,orthogroup,6,6
OG0000633,orthogroup,6,6
OG0000634,orthogroup,6,6
OG0000635,orthogroup,6,6
OG0000636,orthogroup,6,6
OG0000637,orthogroup,6,6
OG0000638,orthogroup,6,6
OG0000639,orthogroup,6,6
OG0000640,orthogroup,6,6
OG0000641,orthogroup,6,6
OG0000642,orthogroup,6,6
OG0000643,orthogroup,6,6
OG0000644,orthogroup,6,6
OG0000645,orthogroup,6,6
OG0000646,orthogroup,6,6
OG0000647,orthogroup,6,6
OG0000648,orthogroup,6,6
OG0000649,orthogroup,6,6
OG0000650,orthogroup,6,6
OG0000651,orthogroup,6,6
OG0000652,orthogroup,6,6
OG0000653,orthogroup,6,6
OG0000654,orthogroup,6,6
OG0000655,orthogroup,6,6
OG0000656,orthogroup,6,6
OG0000657,orthogroup,6,6
OG0000658,orthogroup,6,6
OG0000659,orthogroup,6,6
OG0000660,orthogroup,6,6
OG0000661,orthogroup,6,6
OG0000662,orthogroup,6,6
OG0000663,orthogroup,6,6
OG0000664,orthogroup,6,6
OG0000665,orthogroup,6,6
OG0000666,orthogroup,6,6
OG0000667,orthogroup,6,6
OG0000668,orthogroup,6,6
OG0000669,orthogroup,6,6
OG0000670,orthogroup,6,6
OG0000671,orthogroup,6,6
OG0000672,orthogroup,6,6
OG0000673,orthogroup,6,6
OG0000674,orthogroup,6,6
OG0000675,orthogroup,6,6
OG0000676,orthogroup,6,6
OG0000677,orthogroup,6,6
OG0000678,orthogroup,6,6
OG0000679,orthogroup,6,6
OG0000680,orthogroup,6,6
OG0000681,orthogroup,6,6
OG0000682,orthogroup,6,6
OG0000683,orthogroup,6,6
OG0000684,orthogroup,6,6
OG0000685,orthogroup,6,6
OG0000686,orthogroup,6,6
OG0000687,orthogroup,6,6
OG0000688,orthogroup,6,6
OG0000689,orthogroup,6,6
OG0000690,orthogroup,6,6
OG0000691,orthogroup,6,6
OG0000692,orthogroup,6,6
OG0000693,orthogroup,6,6
OG0000694,orthogroup,6,6
OG0000695,orthogroup,6,6
OG0000696,orthogroup,6,6
OG0000697,orthogroup,6,6
OG0000698,orthogroup,6,6
OG0000699,orthogroup,6,6
OG0000700,orthogroup,6,6
OG0000701,orthogroup,6,6
OG0000702,orthogroup,6,6
OG0000703,orthogroup,6,6
OG0000704,orthogroup,6,6
OG0000705,orthogroup,6,6
OG0000706,orthogroup,6,6
OG0000707,orthogroup,6,6
OG0000708,orthogroup,6,6
OG0000709,orthogroup,6,6
OG0000710,orthogroup,6,5
OG0000711,orthogroup,6,6
OG0000712,orthogroup,6,6
OG0000713,orthogroup,6,6
OG0000714,orthogroup,6,6
OG0000715,orthogroup,6,6
OG0000716,orthogroup,6,6
OG0000717,orthogroup,6,6
OG0000718,orthogroup,6,4
OG0000719,orthogroup,6,6
OG0000720,orthogroup,6,6
OG0000721,orthogroup,6,6
OG0000722,orthogroup,6,6
OG0000723,orthogroup,6,6
OG0000724,orthogroup,6,6
OG0000725,orthogroup,6,6
OG0000726,orthogroup,6,6
OG0000727,orthogroup,6,6
OG0000728,orthogroup,6,6
OG0000729,orthogroup,6,6
OG0000730,orthogroup,6,6
OG0000731,orthogroup,6,6
OG0000732,orthogroup,6,6
OG0000733,orthogroup,6,6
OG0000734,orthogroup,6,5
OG0000735,orthogroup,6,6
OG0000736,orthogroup,6,6
OG0000737,orthogroup,6,6
OG0000738,orthogroup,6,6
OG0000739,orthogroup,6,6
OG0000740,orthogroup,6,6
OG0000741,orthogroup,6,6
OG0000742,orthogroup,6,6
OG0000743,orthogroup,6,6
OG0000744,orthogroup,6,6
OG0000745,orthogroup,6,6
OG0000746,orthogroup,6,6
OG0000747,orthogroup,6,6
OG0000748,orthogroup,6,6
OG0000749,orthogroup,6,6
OG0000750,orthogroup,6,6
OG0000751,orthogroup,6,6
OG0000752,orthogroup,6,6
OG0000753,orthogroup,6,6
OG0000754,orthogroup,6,6
OG0000755,orthogroup,6,6
OG0000756,orthogroup,6,6
OG0000757,orthogroup,6,6
OG0000758,orthogroup,6,6
OG0000759,orthogroup,6,6
OG0000760,orthogroup,6,6
OG0000761,orthogroup,6,6
OG0000762,orthogroup,6,6
OG0000763,orthogroup,6,6
OG0000764,orthogroup,6,6
OG0000765,orthogroup,6,6
OG0000766,orthogroup,6,6
OG0000767,orthogroup,6,6
OG0000768,orthogroup,6,6
OG0000769,orthogroup,6,6
OG0000770,orthogroup,6,6
OG0000771,orthogroup,6,6
OG0000772,orthogroup,6,6
OG0000773,orthogroup,6,6
OG0000774,orthogroup,6,6
OG0000775,orthogroup,6,6
OG0000776,orthogroup,6,6
OG0000777,orthogroup,6,6
OG0000778,orthogroup,6,6
OG0000779,orthogroup,6,6
OG0000780,orthogroup,6,6
OG0000781,orthogroup,6,6
OG0000782,orthogroup,6,6
OG0000783,orthogroup,6,6
OG0000784,orthogroup,6,6
OG0000785,orthogroup,6,6
OG0000786,orthogroup,6,6
OG0000787,orthogroup,6,6
OG0000788,orthogroup,6,6
OG0000789,orthogroup,6,6
OG0000790,orthogroup,6,6
OG0000791,orthogroup,6,6
OG0000792,orthogroup,6,6
OG0000793,orthogroup,6,6
OG0000794,orthogroup,6,6
OG0000795,orthogroup,6,6
OG0000796,orthogroup,6,6
OG0000797,orthogroup,6,6
OG0000798,orthogroup,6,6
OG0000799,orthogroup,6,6
OG0000800,orthogroup,6,6
OG0000801,orthogroup,6,6
OG0000802,orthogroup,6,6
OG0000803,orthogroup,6,6
OG0000804,orthogroup,6,6
OG0000805,orthogroup,6,6
OG0000806,orthogroup,6,6
OG0000807,orthogroup,6,6
OG0000808,orthogroup,6,6
OG0000809,orthogroup,6,6
OG0000810,orthogroup,6,6
OG0000811,orthogroup,6,6
OG0000812,orthogroup,6,6
OG0000813,orthogroup,6,6
OG0000814,orthogroup,6,6
OG0000815,orthogroup,6,6
OG0000816,orthogroup,6,6
OG0000817,orthogroup,6,6
OG0000818,orthogroup,6,6
OG0000819,orthogroup,6,6
OG0000820,orthogroup,6,6
OG0000821,orthogroup,6,6
OG0000822,orthogroup,6,6
OG0000823,orthogroup,6,6
OG0000824,orthogroup,6,6
OG0000825,orthogroup,6,6
OG0000826,orthogroup,6,6
OG0000827,orthogroup,6,6
OG0000828,orthogroup,6,6
OG0000829,orthogroup,6,6
OG0000830,orthogroup,6,6
OG0000831,orthogroup,6,6
OG0000832,orthogroup,6,6
OG0000833,orthogroup,6,6
OG0000834,orthogroup,6,6
OG0000835,orthogroup,6,6
OG0000836,orthogroup,6,6
OG0000837,orthogroup,6,6
OG0000838,orthogroup,6,6
OG0000839,orthogroup,6,6
OG0000840,orthogroup,6,6
OG0000841,orthogroup,6,6
OG0000842,orthogroup,6,6
OG0000843,orthogroup,6,6
OG0000844,orthogroup,6,6
OG0000845,orthogroup,6,6
OG0000846,orthogroup,6,6
OG0000847,orthogroup,6,6
OG0000848,orthogroup,6,6
OG0000849,orthogroup,6,6
OG0000850,orthogroup,6,6
OG0000851,orthogroup,6,6
OG0000852,orthogroup,6,6
OG0000853,orthogroup,6,6
OG0000854,orthogroup,6,6
OG0000855,orthogroup,6,6
OG0000856,orthogroup,6,6
OG0000857,orthogroup,6,6
OG0000858,orthogroup,6,6
OG0000859,orthogroup,6,6
OG0000860,orthogroup,6,6
OG0000861,orthogroup,6,6
OG0000862,orthogroup,6,6
OG0000863,orthogroup,6,6
OG0000864,orthogroup,6,6
OG0000865,orthogroup,6,6
OG0000866,orthogroup,6,6
OG0000867,orthogroup,6,6
OG0000868,orthogroup,6,6
OG0000869,orthogroup,6,6
OG0000870,orthogroup,6,6
OG0000871,orthogroup,6,6
OG0000872,orthogroup,6,6
OG0000873,orthogroup,6,6
OG0000874,orthogroup,6,6
OG0000875,orthogroup,6,6
OG0000876,orthogroup,6,6
OG0000877,orthogroup,6,6
OG0000878,orthogroup,6,6
OG0000879,orthogroup,6,6
OG0000880,orthogroup,6,6
OG0000881,orthogroup,6,6
OG0000882,orthogroup,6,6
OG0000883,orthogroup,6,6
OG0000884,orthogroup,6,6
OG0000885,orthogroup,6,6
OG0000886,orthogroup,6,6
OG0000887,orthogroup,6,6
OG0000888,orthogroup,6,6
OG0000889,orthogroup,6,6
OG0000890,orthogroup,6,6
OG0000891,orthogroup,6,6
OG0000892,orthogroup,6,6
OG0000893,orthogroup,6,6
OG0000894,orthogroup,6,6
OG0000895,orthogroup,6,6
OG0000896,orthogroup,6,6
OG0000897,orthogroup,6,6
OG0000898,orthogroup,6,6
OG0000899,orthogroup,6,6
OG0000900,orthogroup,6,6
OG0000901,orthogroup,6,6
OG0000902,orthogroup,6,6
OG0000903,orthogroup,6,6
OG0000904,orthogroup,6,6
OG0000905,orthogroup,6,6
OG0000906,orthogroup,6,6
OG0000907,orthogroup,6,6
OG0000908,orthogroup,6,6
OG0000909,orthogroup,6,6
OG0000910,orthogroup,6,6
OG0000911,orthogroup,6,6
OG0000912,orthogroup,6,6
OG0000913,orthogroup,6,6
OG0000914,orthogroup,6,6
OG0000915,orthogroup,6,6
OG0000916,orthogroup,6,6
OG0000917,orthogroup,6,6
OG0000918,orthogroup,6,6
OG0000919,orthogroup,6,6
OG0000920,orthogroup,6,6
OG0000921,orthogroup,6,6
OG0000922,orthogroup,6,6
OG0000923,orthogroup,6,6
OG0000924,orthogroup,6,6
OG0000925,orthogroup,6,6
OG0000926,orthogroup,6,6
OG0000927,orthogroup,6,6
OG0000928,orthogroup,6,6
OG0000929,orthogroup,6,6
OG0000930,orthogroup,6,6
OG0000931,orthogroup,6,6
OG0000932,orthogroup,6,6
OG0000933,orthogroup,6,6
OG0000934,orthogroup,6,6
OG0000935,orthogroup,6,6
OG0000936,orthogroup,6,6
OG0000937,orthogroup,6,6
OG0000938,orthogroup,6,6
OG0000939,orthogroup,6,6
OG0000940,orthogroup,6,6
OG0000941,orthogroup,6,6
OG0000942,orthogroup,6,6
OG0000943,orthogroup,6,6
OG0000944,orthogroup,6,6
OG0000945,orthogroup,6,6
OG0000946,orthogroup,6,6
OG0000947,orthogroup,6,6
OG0000948,orthogroup,6,6
OG0000949,orthogroup,6,6
OG0000950,orthogroup,6,6
OG0000951,orthogroup,6,6
OG0000952,orthogroup,6,6
OG0000953,orthogroup,6,6
OG0000954,orthogroup,6,6
OG0000955,orthogroup,6,6
OG0000956,orthogroup,6,6
OG0000957,orthogroup,6,6
OG0000958,orthogroup,6,6
OG0000959,orthogroup,6,6
OG0000960,orthogroup,6,6
OG0000961,orthogroup,6,6
OG0000962,orthogroup,6,6
OG0000963,orthogroup,6,6
OG0000964,orthogroup,6,6
OG0000965,orthogroup,6,5
OG0000966,orthogroup,6,6
OG0000967,orthogroup,6,6
OG0000968,orthogroup,6,6
OG0000969,orthogroup,6,6
OG0000970,orthogroup,6,6
OG0000971,orthogroup,6,6
OG0000972,orthogroup,6,6
OG0000973,orthogroup,6,6
OG0000974,orthogroup,6,6
OG0000975,orthogroup,6,6
OG0000976,orthogroup,6,6
OG0000977,orthogroup,6,6
OG0000978,orthogroup,6,6
OG0000979,orthogroup,6,6
OG0000980,orthogroup,6,6
OG0000981,orthogroup,6,6
OG0000982,orthogroup,6,6
OG0000983,orthogroup,6,6
OG0000984,orthogroup,6,6
OG0000985,orthogroup,6,6
OG0000986,orthogroup,6,6
OG0000987,orthogroup,6,6
OG0000988,orthogroup,6,6
OG0000989,orthogroup,6,6
OG0000990,orthogroup,6,6
OG0000991,orthogroup,6,6
OG0000992,orthogroup,6,6
OG0000993,orthogroup,6,6
OG0000994,orthogroup,6,6
OG0000995,orthogroup,6,6
OG0000996,orthogroup,6,6
OG0000997,orthogroup,6,6
OG0000998,orthogroup,6,6
OG0000999,orthogroup,6,6
OG0001000,orthogroup,6,6
OG0001001,orthogroup,6,6
OG0001002,orthogroup,6,6
OG0001003,orthogroup,6,6
OG0001004,orthogroup,6,6
OG0001005,orthogroup,6,6
OG0001006,orthogroup,6,6
OG0001007,orthogroup,6,6
OG0001008,orthogroup,6,6
OG0001009,orthogroup,6,6
OG0001010,orthogroup,6,6
OG0001011,orthogroup,6,6
OG0001012,orthogroup,6,6
OG0001013,orthogroup,6,6
OG0001014,orthogroup,6,6
OG0001015,orthogroup,6,6
OG0001016,orthogroup,6,6
OG0001017,orthogroup,6,6
OG0001018,orthogroup,6,6
OG0001019,orthogroup,6,6
OG0001020,orthogroup,6,6
OG0001021,orthogroup,6,6
OG0001022,orthogroup,6,6
OG0001023,orthogroup,6,6
OG0001024,orthogroup,6,6
OG0001025,orthogroup,6,6
OG0001026,orthogroup,6,6
OG0001027,orthogroup,6,6
OG0001028,orthogroup,6,6
OG0001029,orthogroup,6,6
OG0001030,orthogroup,6,6
OG0001031,orthogroup,6,6
OG0001032,orthogroup,6,6
OG0001033,orthogroup,6,6
OG0001034,orthogroup,6,6
OG0001035,orthogroup,6,6
OG0001036,orthogroup,6,6
OG0001037,orthogroup,6,6
OG0001038,orthogroup,6,6
OG0001039,orthogroup,6,6
OG0001040,orthogroup,6,6
OG0001041,orthogroup,6,6
OG0001042,orthogroup,6,6
OG0001043,orthogroup,6,6
OG0001044,orthogroup,6,6
OG0001045,orthogroup,6,6
OG0001046,orthogroup,6,6
OG0001047,orthogroup,6,6
OG0001048,orthogroup,6,6
OG0001049,orthogroup,6,6
OG0001050,orthogroup,6,6
OG0001051,orthogroup,6,6
OG0001052,orthogroup,6,6
OG0001053,orthogroup,6,6
OG0001054,orthogroup,6,6
OG0001055,orthogroup,6,6
OG0001056,orthogroup,6,6
OG0001057,orthogroup,6,6
OG0001058,orthogroup,6,6
OG0001059,orthogroup,6,6
OG0001060,orthogroup,6,6
OG0001061,orthogroup,6,6
OG0001062,orthogroup,6,6
OG0001063,orthogroup,6,6
OG0001064,orthogroup,6,6
OG0001065,orthogroup,6,6
OG0001066,orthogroup,6,6
OG0001067,orthogroup,6,6
OG0001068,orthogroup,6,6
OG0001069,orthogroup,6,6
OG0001070,orthogroup,6,6
OG0001071,orthogroup,6,6
OG0001072,orthogroup,6,6
OG0001073,orthogroup,6,6
OG0001074,orthogroup,6,6
OG0001075,orthogroup,6,6
OG0001076,orthogroup,6,6
OG0001077,orthogroup,6,6
OG0001078,orthogroup,6,6
OG0001079,orthogroup,6,6
OG0001080,orthogroup,6,6
OG0001081,orthogroup,6,6
OG0001082,orthogroup,6,6
OG0001083,orthogroup,6,6
OG0001084,orthogroup,6,6
OG0001085,orthogroup,6,6
OG0001086,orthogroup,6,6
OG0001087,orthogroup,6,6
OG0001088,orthogroup,6,6
OG0001089,orthogroup,6,6
OG0001090,orthogroup,6,6
OG0001091,orthogroup,6,6
OG0001092,orthogroup,6,6
OG0001093,orthogroup,6,6
OG0001094,orthogroup,6,6
OG0001095,orthogroup,6,6
OG0001096,orthogroup,6,6
OG0001097,orthogroup,6,6
OG0001098,orthogroup,6,6
OG0001099,orthogroup,6,6
OG0001100,orthogroup,6,6
OG0001101,orthogroup,6,6
OG0001102,orthogroup,6,6
OG0001103,orthogroup,6,6
OG0001104,orthogroup,6,6
OG0001105,orthogroup,6,6
OG0001106,orthogroup,6,6
OG0001107,orthogroup,6,6
OG0001108,orthogroup,6,6
OG0001109,orthogroup,6,6
OG0001110,orthogroup,6,6
OG0001111,orthogroup,6,6
OG0001112,orthogroup,6,6
OG0001113,orthogroup,6,6
OG0001114,orthogroup,6,6
OG0001115,orthogroup,6,6
OG0001116,orthogroup,6,6
OG0001117,orthogroup,6,6
OG0001118,orthogroup,6,6
OG0001119,orthogroup,6,6
OG0001120,orthogroup,6,6
OG0001121,orthogroup,6,6
OG0001122,orthogroup,6,6
OG0001123,orthogroup,6,6
OG0001124,orthogroup,6,6
OG0001125,orthogroup,6,6
OG0001126,orthogroup,6,6
OG0001127,orthogroup,6,6
OG0001128,orthogroup,6,6
OG0001129,orthogroup,6,6
OG0001130,orthogroup,6,6
OG0001131,orthogroup,6,6
OG0001132,orthogroup,6,6
OG0001133,orthogroup,6,6
OG0001134,orthogroup,6,5
OG0001135,orthogroup,6,6
OG0001136,orthogroup,6,6
OG0001137,orthogroup,6,6
OG0001138,orthogroup,6,6
OG0001139,orthogroup,6,6
OG0001140,orthogroup,6,6
OG0001141,orthogroup,6,6
OG0001142,orthogroup,6,6
OG0001143,orthogroup,6,6
OG0001144,orthogroup,6,6
OG0001145,orthogroup,6,6
OG0001146,orthogroup,6,6
OG0001147,orthogroup,6,6
OG0001148,orthogroup,6,6
OG0001149,orthogroup,6,6
OG0001150,orthogroup,6,6
OG0001151,orthogroup,6,6
OG0001152,orthogroup,6,6
OG0001153,orthogroup,6,6
OG0001154,orthogroup,6,6
OG0001155,orthogroup,6,6
OG0001156,orthogroup,6,6
OG0001157,orthogroup,6,6
OG0001158,orthogroup,6,6
OG0001159,orthogroup,6,6
OG0001160,orthogroup,6,6
OG0001161,orthogroup,6,6
OG0001162,orthogroup,6,6
OG0001163,orthogroup,6,6
OG0001164,orthogroup,6,6
OG0001165,orthogroup,6,6
OG0001166,orthogroup,6,6
OG0001167,orthogroup,6,6
OG0001168,orthogroup,6,6
OG0001169,orthogroup,6,6
OG0001170,orthogroup,6,6
OG0001171,orthogroup,6,6
OG0001172,orthogroup,6,6
OG0001173,orthogroup,6,6
OG0001174,orthogroup,6,6
OG0001175,orthogroup,6,6
OG0001176,orthogroup,6,6
OG0001177,orthogroup,6,6
OG0001178,orthogroup,6,6
OG0001179,orthogroup,6,6
OG0001180,orthogroup,6,6
OG0001181,orthogroup,6,6
OG0001182,orthogroup,6,6
OG0001183,orthogroup,6,6
OG0001184,orthogroup,6,6
OG0001185,orthogroup,6,6
OG0001186,orthogroup,6,6
OG0001187,orthogroup,6,6
OG0001188,orthogroup,6,6
OG0001189,orthogroup,6,6
OG0001190,orthogroup,6,6
OG0001191,orthogroup,6,6
OG0001192,orthogroup,6,6
OG0001193,orthogroup,6,6
OG0001194,orthogroup,6,6
OG0001195,orthogroup,6,6
OG0001196,orthogroup,6,6
OG0001197,orthogroup,6,6
OG0001198,orthogroup,6,6
OG0001199,orthogroup,6,6
OG0001200,orthogroup,6,6
OG0001201,orthogroup,6,6
OG0001202,orthogroup,6,5
OG0001203,orthogroup,6,6
OG0001204,orthogroup,6,6
OG0001205,orthogroup,6,6
OG0001206,orthogroup,6,6
OG0001207,orthogroup,6,6
OG0001208,orthogroup,6,6
OG0001209,orthogroup,6,6
OG0001210,orthogroup,6,6
OG0001211,orthogroup,6,6
OG0001212,orthogroup,6,6
OG0001213,orthogroup,6,6
OG0001214,orthogroup,6,6
OG0001215,orthogroup,6,6
OG0001216,orthogroup,6,6
OG0001217,orthogroup,6,6
OG0001218,orthogroup,6,6
OG0001219,orthogroup,6,6
OG0001220,orthogroup,6,6
OG0001221,orthogroup,6,6
OG0001222,orthogroup,6,6
OG0001223,orthogroup,6,3
OG0001224,orthogroup,6,6
OG0001225,orthogroup,6,6
OG0001226,orthogroup,6,6
OG0001227,orthogroup,6,6
OG0001228,orthogroup,6,6
OG0001229,orthogroup,6,6
OG0001230,orthogroup,6,6
OG0001231,orthogroup,6,6
OG0001232,orthogroup,6,6
OG0001233,orthogroup,6,6
OG0001234,orthogroup,6,6
OG0001235,orthogroup,6,6
OG0001236,orthogroup,6,6
OG0001237,orthogroup,6,6
OG0001238,orthogroup,6,6
OG0001239,orthogroup,6,6
OG0001240,orthogroup,6,6
OG0001241,orthogroup,6,6
OG0001242,orthogroup,6,6
OG0001243,orthogroup,6,6
OG0001244,orthogroup,6,6
OG0001245,orthogroup,6,6
OG0001246,orthogroup,6,6
OG0001247,orthogroup,6,6
OG0001248,orthogroup,6,6
OG0001249,orthogroup,6,6
OG0001250,orthogroup,6,6
OG0001251,orthogroup,6,6
OG0001252,orthogroup,6,6
OG0001253,orthogroup,6,6
OG0001254,orthogroup,6,6
OG0001255,orthogroup,6,6
OG0001256,orthogroup,6,6
OG0001257,orthogroup,6,6
OG0001258,orthogroup,6,6
OG0001259,orthogroup,6,6
OG0001260,orthogroup,6,6
OG0001261,orthogroup,6,6
OG0001262,orthogroup,6,6
OG0001263,orthogroup,6,6
OG0001264,orthogroup,6,6
OG0001265,orthogroup,6,6
OG0001266,orthogroup,6,6
OG0001267,orthogroup,6,6
OG0001268,orthogroup,6,6
OG0001269,orthogroup,6,6
OG0001270,orthogroup,6,6
OG0001271,orthogroup,6,6
OG0001272,orthogroup,6,6
OG0001273,orthogroup,6,6
OG0001274,orthogroup,6,6
OG0001275,orthogroup,6,6
OG0001276,orthogroup,6,6
OG0001277,orthogroup,6,6
OG0001278,orthogroup,6,6
OG0001279,orthogroup,6,6
OG0001280,orthogroup,6,6
OG0001281,orthogroup,6,6
OG0001282,orthogroup,6,6
OG0001283,orthogroup,6,6
OG0001284,orthogroup,6,6
OG0001285,orthogroup,6,6
OG0001286,orthogroup,6,6
OG0001287,orthogroup,6,6
OG0001288,orthogroup,6,6
OG0001289,orthogroup,6,6
OG0001290,orthogroup,6,6
OG0001291,orthogroup,6,6
OG0001292,orthogroup,6,6
OG0001293,orthogroup,6,6
OG0001294,orthogroup,6,6
OG0001295,orthogroup,6,6
OG0001296,orthogroup,6,6
OG0001297,orthogroup,6,6
OG0001298,orthogroup,6,6
OG0001299,orthogroup,6,6
OG0001300,orthogroup,6,6
OG0001301,orthogroup,6,6
OG0001302,orthogroup,6,6
OG0001303,orthogroup,6,6
OG0001304,orthogroup,6,6
OG0001305,orthogroup,6,6
OG0001306,orthogroup,6,6
OG0001307,orthogroup,6,6
OG0001308,orthogroup,6,6
OG0001309,orthogroup,6,6
OG0001310,orthogroup,6,6
OG0001311,orthogroup,6,6
OG0001312,orthogroup,6,6
OG0001313,orthogroup,6,6
OG0001314,orthogroup,6,6
OG0001315,orthogroup,6,6
OG0001316,orthogroup,6,6
OG0001317,orthogroup,6,6
OG0001318,orthogroup,6,6
OG0001319,orthogroup,6,6
OG0001320,orthogroup,6,6
OG0001321,orthogroup,6,6
OG0001322,orthogroup,6,6
OG0001323,orthogroup,6,6
OG0001324,orthogroup,6,6
OG0001325,orthogroup,6,6
OG0001326,orthogroup,6,6
OG0001327,orthogroup,6,6
OG0001328,orthogroup,6,6
OG0001329,orthogroup,6,6
OG0001330,orthogroup,6,6
OG0001331,orthogroup,6,6
OG0001332,orthogroup,6,6
OG0001333,orthogroup,6,5
OG0001334,orthogroup,6,6
OG0001335,orthogroup,6,6
OG0001336,orthogroup,6,6
OG0001337,orthogroup,6,6
OG0001338,orthogroup,6,6
OG0001339,orthogroup,6,6
OG0001340,orthogroup,6,6
OG0001341,orthogroup,6,6
OG0001342,orthogroup,6,6
OG0001343,orthogroup,6,6
OG0001344,orthogroup,6,6
OG0001345,orthogroup,6,6
OG0001346,orthogroup,6,6
OG0001347,orthogroup,6,6
OG0001348,orthogroup,6,6
OG0001349,orthogroup,6,6
OG0001350,orthogroup,6,6
OG0001351,orthogroup,6,6
OG0001352,orthogroup,6,6
OG0001353,orthogroup,6,6
OG0001354,orthogroup,6,6
OG0001355,orthogroup,6,6
OG0001356,orthogroup,6,6
OG0001357,orthogroup,6,6
OG0001358,orthogroup,6,6
OG0001359,orthogroup,6,6
OG0001360,orthogroup,6,6
OG0001361,orthogroup,6,6
OG0001362,orthogroup,6,6
OG0001363,orthogroup,6,6
OG0001364,orthogroup,6,6
OG0001365,orthogroup,6,6
OG0001366,orthogroup,6,5
OG0001367,orthogroup,6,6
OG0001368,orthogroup,6,6
OG0001369,orthogroup,6,6
OG0001370,orthogroup,6,6
OG0001371,orthogroup,6,6
OG0001372,orthogroup,6,6
OG0001373,orthogroup,6,6
OG0001374,orthogroup,6,6
OG0001375,orthogroup,6,6
OG0001376,orthogroup,6,6
OG0001377,orthogroup,6,6
OG0001378,orthogroup,6,6
OG0001379,orthogroup,6,6
OG0001380,orthogroup,6,6
OG0001381,orthogroup,6,6
OG0001382,orthogroup,6,6
OG0001383,orthogroup,6,6
OG0001384,orthogroup,6,6
OG0001385,orthogroup,6,6
OG0001386,orthogroup,6,6
OG0001387,orthogroup,6,6
OG0001388,orthogroup,6,6
OG0001389,orthogroup,6,6
OG0001390,orthogroup,6,6
OG0001391,orthogroup,6,6
OG0001392,orthogroup,6,6
OG0001393,orthogroup,6,6
OG0001394,orthogroup,6,6
OG0001395,orthogroup,6,6
OG0001396,orthogroup,6,6
OG0001397,orthogroup,6,6
OG0001398,orthogroup,6,6
OG0001399,orthogroup,6,6
OG0001400,orthogroup,6,6
OG0001401,orthogroup,6,6
OG0001402,orthogroup,6,6
OG0001403,orthogroup,6,5
OG0001404,orthogroup,6,6
OG0001405,orthogroup,6,6
OG0001406,orthogroup,6,6
OG0001407,orthogroup,6,6
OG0001408,orthogroup,6,6
OG0001409,orthogroup,6,6
OG0001410,orthogroup,6,6
OG0001411,orthogroup,6,6
OG0001412,orthogroup,6,6
OG0001413,orthogroup,6,6
OG0001414,orthogroup,6,6
OG0001415,orthogroup,6,6
OG0001416,orthogroup,6,6
OG0001417,orthogroup,6,6
OG0001418,orthogroup,6,6
OG0001419,orthogroup,6,6
OG0001420,orthogroup,6,6
OG0001421,orthogroup,6,6
OG0001422,orthogroup,6,6
OG0001423,orthogroup,6,6
OG0001424,orthogroup,6,6
OG0001425,orthogroup,6,6
OG0001426,orthogroup,6,6
OG0001427,orthogroup,6,6
OG0001428,orthogroup,6,6
OG0001429,orthogroup,6,6
OG0001430,orthogroup,6,6
OG0001431,orthogroup,6,6
OG0001432,orthogroup,6,6
OG0001433,orthogroup,6,6
OG0001434,orthogroup,6,6
OG0001435,orthogroup,6,6
OG0001436,orthogroup,6,6
OG0001437,orthogroup,6,6
OG0001438,orthogroup,6,6
OG0001439,orthogroup,6,6
OG0001440,orthogroup,6,6
OG0001441,orthogroup,6,6
OG0001442,orthogroup,6,6
OG0001443,orthogroup,6,6
OG0001444,orthogroup,6,6
OG0001445,orthogroup,6,6
OG0001446,orthogroup,6,6
OG0001447,orthogroup,6,6
OG0001448,orthogroup,6,6
OG0001449,orthogroup,6,6
OG0001450,orthogroup,6,6
OG0001451,orthogroup,6,6
OG0001452,orthogroup,6,6
OG0001453,orthogroup,6,6
OG0001454,orthogroup,6,6
OG0001455,orthogroup,6,6
OG0001456,orthogroup,6,6
OG0001457,orthogroup,6,6
OG0001458,orthogroup,6,6
OG0001459,orthogroup,6,6
OG0001460,orthogroup,6,6
OG0001461,orthogroup,6,6
OG0001462,orthogroup,6,6
OG0001463,orthogroup,6,6
OG0001464,orthogroup,6,6
OG0001465,orthogroup,6,6
OG0001466,orthogroup,6,6
OG0001467,orthogroup,6,6
OG0001468,orthogroup,6,6
OG0001469,orthogroup,6,6
OG0001470,orthogroup,6,6
OG0001471,orthogroup,6,6
OG0001472,orthogroup,6,6
OG0001473,orthogroup,6,6
OG0001474,orthogroup,6,6
OG0001475,orthogroup,6,6
OG0001476,orthogroup,6,6
OG0001477,orthogroup,6,6
OG0001478,orthogroup,6,6
OG0001479,orthogroup,6,6
OG0001480,orthogroup,6,6
OG0001481,orthogroup,6,6
OG0001482,orthogroup,6,6
OG0001483,orthogroup,6,6
OG0001484,orthogroup,6,6
OG0001485,orthogroup,6,6
OG0001486,orthogroup,6,6
OG0001487,orthogroup,6,6
OG0001488,orthogroup,6,6
OG0001489,orthogroup,6,6
OG0001490,orthogroup,6,6
OG0001491,orthogroup,6,6
OG0001492,orthogroup,6,6
OG0001493,orthogroup,6,6
OG0001494,orthogroup,6,6
OG0001495,orthogroup,6,6
OG0001496,orthogroup,6,6
OG0001497,orthogroup,6,6
OG0001498,orthogroup,6,6
OG0001499,orthogroup,6,6
OG0001500,orthogroup,6,6
OG0001501,orthogroup,6,6
OG0001502,orthogroup,6,6
OG0001503,orthogroup,6,6
OG0001504,orthogroup,6,6
OG0001505,orthogroup,6,6
OG0001506,orthogroup,6,6
OG0001507,orthogroup,6,6
OG0001508,orthogroup,6,6
OG0001509,orthogroup,6,6
OG0001510,orthogroup,6,6
OG0001511,orthogroup,6,6
OG0001512,orthogroup,6,5
OG0001513,orthogroup,6,6
OG0001514,orthogroup,6,4
OG0001515,orthogroup,6,6
OG0001516,orthogroup,6,6
OG0001517,orthogroup,6,6
OG0001518,orthogroup,6,6
OG0001519,orthogroup,6,6
OG0001520,orthogroup,6,6
OG0001521,orthogroup,6,6
OG0001522,orthogroup,6,6
OG0001523,orthogroup,6,6
OG0001524,orthogroup,6,6
OG0001525,orthogroup,6,6
OG0001526,orthogroup,6,6
OG0001527,orthogroup,6,6
OG0001528,orthogroup,6,6
OG0001529,orthogroup,6,6
OG0001530,orthogroup,6,6
OG0001531,orthogroup,6,6
OG0001532,orthogroup,6,6
OG0001533,orthogroup,6,6
OG0001534,orthogroup,6,6
OG0001535,orthogroup,6,6
OG0001536,orthogroup,6,6
OG0001537,orthogroup,6,6
OG0001538,orthogroup,6,6
OG0001539,orthogroup,6,6
OG0001540,orthogroup,6,6
OG0001541,orthogroup,6,6
OG0001542,orthogroup,6,6
OG0001543,orthogroup,6,6
OG0001544,orthogroup,6,6
OG0001545,orthogroup,6,6
OG0001546,orthogroup,6,6
OG0001547,orthogroup,6,6
OG0001548,orthogroup,6,6
OG0001549,orthogroup,6,6
OG0001550,orthogroup,6,6
OG0001551,orthogroup,6,6
OG0001552,orthogroup,6,6
OG0001553,orthogroup,6,6
OG0001554,orthogroup,6,6
OG0001555,orthogroup,6,6
OG0001556,orthogroup,6,6
OG0001557,orthogroup,6,6
OG0001558,orthogroup,6,6
OG0001559,orthogroup,6,6
OG0001560,orthogroup,6,6
OG0001561,orthogroup,6,6
OG0001562,orthogroup,6,6
OG0001563,orthogroup,6,6
OG0001564,orthogroup,6,6
OG0001565,orthogroup,6,6
OG0001566,orthogroup,6,6
OG0001567,orthogroup,6,6
OG0001568,orthogroup,6,6
OG0001569,orthogroup,6,6
OG0001570,orthogroup,6,6
OG0001571,orthogroup,6,6
OG0001572,orthogroup,6,6
OG0001573,orthogroup,6,6
OG0001574,orthogroup,6,6
OG0001575,orthogroup,6,6
OG0001576,orthogroup,6,6
OG0001577,orthogroup,6,6
OG0001578,orthogroup,6,6
OG0001579,orthogroup,6,6
OG0001580,orthogroup,6,6
OG0001581,orthogroup,6,6
OG0001582,orthogroup,6,6
OG0001583,orthogroup,6,6
OG0001584,orthogroup,6,6
OG0001585,orthogroup,6,6
OG0001586,orthogroup,6,6
OG0001587,orthogroup,6,6
OG0001588,orthogroup,6,6
OG0001589,orthogroup,6,6
OG0001590,orthogroup,6,6
OG0001591,orthogroup,6,6
OG0001592,orthogroup,6,6
OG0001593,orthogroup,6,6
OG0001594,orthogroup,6,6
OG0001595,orthogroup,6,6
OG0001596,orthogroup,6,6
OG0001597,orthogroup,6,6
OG0001598,orthogroup,6,6
OG0001599,orthogroup,6,6
OG0001600,orthogroup,6,6
OG0001601,orthogroup,6,6
OG0001602,orthogroup,6,6
OG0001603,orthogroup,6,6
OG0001604,orthogroup,6,6
OG0001605,orthogroup,6,6
OG0001606,orthogroup,6,6
OG0001607,orthogroup,6,6
OG0001608,orthogroup,6,6
OG0001609,orthogroup,6,6
OG0001610,orthogroup,6,6
OG0001611,orthogroup,6,6
OG0001612,orthogroup,6,6
OG0001613,orthogroup,6,6
OG0001614,orthogroup,6,6
OG0001615,orthogroup,6,6
OG0001616,orthogroup,6,6
OG0001617,orthogroup,6,6
OG0001618,orthogroup,6,6
OG0001619,orthogroup,6,6
OG0001620,orthogroup,6,6
OG0001621,orthogroup,6,6
OG0001622,orthogroup,6,6
OG0001623,orthogroup,6,6
OG0001624,orthogroup,6,6
OG0001625,orthogroup,6,6
OG0001626,orthogroup,6,6
OG0001627,orthogroup,6,6
OG0001628,orthogroup,6,6
OG0001629,orthogroup,6,6
OG0001630,orthogroup,6,6
OG0001631,orthogroup,6,6
OG0001632,orthogroup,6,6
OG0001633,orthogroup,6,6
OG0001634,orthogroup,6,6
OG0001635,orthogroup,6,6
OG0001636,orthogroup,6,6
OG0001637,orthogroup,6,6
OG0001638,orthogroup,6,6
OG0001639,orthogroup,6,6
OG0001640,orthogroup,6,6
OG0001641,orthogroup,6,6
OG0001642,orthogroup,6,6
OG0001643,orthogroup,6,6
OG0001644,orthogroup,6,6
OG0001645,orthogroup,6,6
OG0001646,orthogroup,6,6
OG0001647,orthogroup,6,6
OG0001648,orthogroup,6,6
OG0001649,orthogroup,6,6
OG0001650,orthogroup,6,6
OG0001651,orthogroup,6,6
OG0001652,orthogroup,6,6
OG0001653,orthogroup,6,6
OG0001654,orthogroup,6,6
OG0001655,orthogroup,6,6
OG0001656,orthogroup,6,6
OG0001657,orthogroup,6,6
OG0001658,orthogroup,6,6
OG0001659,orthogroup,6,6
OG0001660,orthogroup,6,6
OG0001661,orthogroup,6,6
OG0001662,orthogroup,6,6
OG0001663,orthogroup,6,6
OG0001664,orthogroup,6,6
OG0001665,orthogroup,6,6
OG0001666,orthogroup,6,6
OG0001667,orthogroup,6,6
OG0001668,orthogroup,6,6
OG0001669,orthogroup,6,6
OG0001670,orthogroup,6,6
OG0001671,orthogroup,6,6
OG0001672,orthogroup,6,6
OG0001673,orthogroup,6,6
OG0001674,orthogroup,6,6
OG0001675,orthogroup,6,5
OG0001676,orthogroup,6,5
OG0001677,orthogroup,6,6
OG0001678,orthogroup,6,6
OG0001679,orthogroup,6,6
OG0001680,orthogroup,6,6
OG0001681,orthogroup,6,6
OG0001682,orthogroup,6,6
OG0001683,orthogroup,6,6
OG0001684,orthogroup,6,6
OG0001685,orthogroup,6,5
OG0001686,orthogroup,6,6
OG0001687,orthogroup,6,6
OG0001688,orthogroup,6,6
OG0001689,orthogroup,6,6
OG0001690,orthogroup,6,6
OG0001691,orthogroup,6,6
OG0001692,orthogroup,6,6
OG0001693,orthogroup,6,6
OG0001694,orthogroup,6,6
OG0001695,orthogroup,6,6
OG0001696,orthogroup,6,6
OG0001697,orthogroup,6,6
OG0001698,orthogroup,6,6
OG0001699,orthogroup,6,6
OG0001700,orthogroup,6,6
OG0001701,orthogroup,6,6
OG0001702,orthogroup,6,6
OG0001703,orthogroup,6,6
OG0001704,orthogroup,6,6
OG0001705,orthogroup,6,6
OG0001706,orthogroup,6,6
OG0001707,orthogroup,6,6
OG0001708,orthogroup,6,6
OG0001709,orthogroup,6,6
OG0001710,orthogroup,6,6
OG0001711,orthogroup,6,6
OG0001712,orthogroup,6,6
OG0001713,orthogroup,6,6
OG0001714,orthogroup,6,6
OG0001715,orthogroup,6,6
OG0001716,orthogroup,6,6
OG0001717,orthogroup,6,6
OG0001718,orthogroup,6,6
OG0001719,orthogroup,6,6
OG0001720,orthogroup,6,6
OG0001721,orthogroup,6,6
OG0001722,orthogroup,6,6
OG0001723,orthogroup,6,6
OG0001724,orthogroup,6,6
OG0001725,orthogroup,6,6
OG0001726,orthogroup,6,6
OG0001727,orthogroup,6,6
OG0001728,orthogroup,6,6
OG0001729,orthogroup,6,6
OG0001730,orthogroup,6,6
OG0001731,orthogroup,6,6
OG0001732,orthogroup,6,6
OG0001733,orthogroup,6,6
OG0001734,orthogroup,6,6
OG0001735,orthogroup,6,6
OG0001736,orthogroup,6,6
OG0001737,orthogroup,6,6
OG0001738,orthogroup,6,6
OG0001739,orthogroup,6,6
OG0001740,orthogroup,6,6
OG0001741,orthogroup,6,6
OG0001742,orthogroup,6,6
OG0001743,orthogroup,6,6
OG0001744,orthogroup,6,6
OG0001745,orthogroup,6,6
OG0001746,orthogroup,6,6
OG0001747,orthogroup,6,6
OG0001748,orthogroup,6,6
OG0001749,orthogroup,6,6
OG0001750,orthogroup,6,6
OG0001751,orthogroup,6,6
OG0001752,orthogroup,6,6
OG0001753,orthogroup,6,6
OG0001754,orthogroup,6,6
OG0001755,orthogroup,6,6
OG0001756,orthogroup,6,6
OG0001757,orthogroup,6,6
OG0001758,orthogroup,6,6
OG0001759,orthogroup,6,6
OG0001760,orthogroup,6,6
OG0001761,orthogroup,6,6
OG0001762,orthogroup,6,6
OG0001763,orthogroup,6,6
OG0001764,orthogroup,6,6
OG0001765,orthogroup,6,6
OG0001766,orthogroup,6,6
OG0001767,orthogroup,6,6
OG0001768,orthogroup,6,6
OG0001769,orthogroup,6,6
OG0001770,orthogroup,6,6
OG0001771,orthogroup,6,6
OG0001772,orthogroup,6,6
OG0001773,orthogroup,6,6
OG0001774,orthogroup,6,6
OG0001775,orthogroup,6,6
OG0001776,orthogroup,6,6
OG0001777,orthogroup,6,6
OG0001778,orthogroup,6,6
OG0001779,orthogroup,6,6
OG0001780,orthogroup,6,6
OG0001781,orthogroup,6,6
OG0001782,orthogroup,6,6
OG0001783,orthogroup,6,6
OG0001784,orthogroup,6,6
OG0001785,orthogroup,6,6
OG0001786,orthogroup,6,6
OG0001787,orthogroup,6,6
OG0001788,orthogroup,6,6
OG0001789,orthogroup,6,6
OG0001790,orthogroup,6,6
OG0001791,orthogroup,6,6
OG0001792,orthogroup,6,6
OG0001793,orthogroup,6,6
OG0001794,orthogroup,6,6
OG0001795,orthogroup,6,6
OG0001796,orthogroup,6,6
OG0001797,orthogroup,6,6
OG0001798,orthogroup,6,6
OG0001799,orthogroup,6,6
OG0001800,orthogroup,6,6
OG0001801,orthogroup,6,6
OG0001802,orthogroup,6,6
OG0001803,orthogroup,6,6
OG0001804,orthogroup,6,6
OG0001805,orthogroup,6,6
OG0001806,orthogroup,6,6
OG0001807,orthogroup,6,6
OG0001808,orthogroup,6,6
OG0001809,orthogroup,6,6
OG0001810,orthogroup,6,6
OG0001811,orthogroup,6,6
OG0001812,orthogroup,6,6
OG0001813,orthogroup,6,6
OG0001814,orthogroup,6,6
OG0001815,orthogroup,6,6
OG0001816,orthogroup,6,6
OG0001817,orthogroup,6,6
OG0001818,orthogroup,6,6
OG0001819,orthogroup,6,6
OG0001820,orthogroup,6,6
OG0001821,orthogroup,6,6
OG0001822,orthogroup,6,6
OG0001823,orthogroup,6,6
OG0001824,orthogroup,6,6
OG0001825,orthogroup,6,6
OG0001826,orthogroup,6,6
OG0001827,orthogroup,6,6
OG0001828,orthogroup,6,6
OG0001829,orthogroup,6,6
OG0001830,orthogroup,6,6
OG0001831,orthogroup,6,6
OG0001832,orthogroup,6,6
OG0001833,orthogroup,6,6
OG0001834,orthogroup,6,6
OG0001835,orthogroup,6,6
OG0001836,orthogroup,6,6
OG0001837,orthogroup,6,6
OG0001838,orthogroup,6,6
OG0001839,orthogroup,6,6
OG0001840,orthogroup,6,6
OG0001841,orthogroup,6,6
OG0001842,orthogroup,6,6
OG0001843,orthogroup,6,6
OG0001844,orthogroup,6,6
OG0001845,orthogroup,6,4
OG0001846,orthogroup,6,6
OG0001847,orthogroup,6,6
OG0001848,orthogroup,6,6
OG0001849,orthogroup,6,6
OG0001850,orthogroup,6,6
OG0001851,orthogroup,6,6
OG0001852,orthogroup,6,6
OG0001853,orthogroup,6,6
OG0001854,orthogroup,6,6
OG0001855,orthogroup,6,6
OG0001856,orthogroup,6,6
OG0001857,orthogroup,6,6
OG0001858,orthogroup,6,6
OG0001859,orthogroup,6,6
OG0001860,orthogroup,6,6
OG0001861,orthogroup,6,6
OG0001862,orthogroup,6,6
OG0001863,orthogroup,6,6
OG0001864,orthogroup,6,6
OG0001865,orthogroup,6,6
OG0001866,orthogroup,6,6
OG0001867,orthogroup,6,6
OG0001868,orthogroup,6,6
OG0001869,orthogroup,6,6
OG0001870,orthogroup,6,6
OG0001871,orthogroup,6,6
OG0001872,orthogroup,6,6
OG0001873,orthogroup,6,6
OG0001874,orthogroup,6,6
OG0001875,orthogroup,6,6
OG0001876,orthogroup,6,6
OG0001877,orthogroup,6,6
OG0001878,orthogroup,6,6
OG0001879,orthogroup,6,6
OG0001880,orthogroup,6,6
OG0001881,orthogroup,6,6
OG0001882,orthogroup,6,6
OG0001883,orthogroup,6,6
OG0001884,orthogroup,6,6
OG0001885,orthogroup,6,6
OG0001886,orthogroup,6,6
OG0001887,orthogroup,6,6
OG0001888,orthogroup,6,6
OG0001889,orthogroup,6,6
OG0001890,orthogroup,6,6
OG0001891,orthogroup,6,6
OG0001892,orthogroup,6,6
OG0001893,orthogroup,6,6
OG0001894,orthogroup,6,5
OG0001895,orthogroup,6,6
OG0001896,orthogroup,6,6
OG0001897,orthogroup,6,6
OG0001898,orthogroup,6,6
OG0001899,orthogroup,6,6
OG0001900,orthogroup,6,6
OG0001901,orthogroup,6,6
OG0001902,orthogroup,6,6
OG0001903,orthogroup,6,6
OG0001904,orthogroup,6,6
OG0001905,orthogroup,6,6
OG0001906,orthogroup,6,6
OG0001907,orthogroup,6,6
OG0001908,orthogroup,6,6
OG0001909,orthogroup,6,6
OG0001910,orthogroup,6,6
OG0001911,orthogroup,6,6
OG0001912,orthogroup,6,6
OG0001913,orthogroup,6,6
OG0001914,orthogroup,6,6
OG0001915,orthogroup,6,6
OG0001916,orthogroup,6,6
OG0001917,orthogroup,6,6
OG0001918,orthogroup,6,6
OG0001919,orthogroup,6,6
OG0001920,orthogroup,6,6
OG0001921,orthogroup,6,6
OG0001922,orthogroup,6,6
OG0001923,orthogroup,6,6
OG0001924,orthogroup,6,6
OG0001925,orthogroup,6,6
OG0001926,orthogroup,6,6
OG0001927,orthogroup,6,6
OG0001928,orthogroup,6,6
OG0001929,orthogroup,6,6
OG0001930,orthogroup,6,6
OG0001931,orthogroup,6,6
OG0001932,orthogroup,6,6
OG0001933,orthogroup,6,6
OG0001934,orthogroup,6,6
OG0001935,orthogroup,6,6
OG0001936,orthogroup,6,6
OG0001937,orthogroup,6,6
OG0001938,orthogroup,6,6
OG0001939,orthogroup,6,6
OG0001940,orthogroup,6,6
OG0001941,orthogroup,6,6
OG0001942,orthogroup,6,6
OG0001943,orthogroup,6,6
OG0001944,orthogroup,6,6
OG0001945,orthogroup,6,6
OG0001946,orthogroup,6,6
OG0001947,orthogroup,6,6
OG0001948,orthogroup,6,6
OG0001949,orthogroup,6,6
OG0001950,orthogroup,6,6
OG0001951,orthogroup,6,6
OG0001952,orthogroup,6,6
OG0001953,orthogroup,6,6
OG0001954,orthogroup,6,6
OG0001955,orthogroup,6,6
OG0001956,orthogroup,6,6
OG0001957,orthogroup,6,6
OG0001958,orthogroup,6,6
OG0001959,orthogroup,6,6
OG0001960,orthogroup,6,6
OG0001961,orthogroup,6,6
OG0001962,orthogroup,6,6
OG0001963,orthogroup,6,6
OG0001964,orthogroup,6,6
OG0001965,orthogroup,6,6
OG0001966,orthogroup,6,6
OG0001967,orthogroup,6,6
OG0001968,orthogroup,6,6
OG0001969,orthogroup,6,6
OG0001970,orthogroup,6,6
OG0001971,orthogroup,6,6
OG0001972,orthogroup,6,6
OG0001973,orthogroup,6,6
OG0001974,orthogroup,6,6
OG0001975,orthogroup,6,6
OG0001976,orthogroup,6,6
OG0001977,orthogroup,6,6
OG0001978,orthogroup,6,6
OG0001979,orthogroup,6,6
OG0001980,orthogroup,6,6
OG0001981,orthogroup,6,6
OG0001982,orthogroup,6,6
OG0001983,orthogroup,6,6
OG0001984,orthogroup,6,6
OG0001985,orthogroup,6,6
OG0001986,orthogroup,6,6
OG0001987,orthogroup,6,6
OG0001988,orthogroup,6,6
OG0001989,orthogroup,6,6
OG0001990,orthogroup,6,6
OG0001991,orthogroup,6,6
OG0001992,orthogroup,6,6
OG0001993,orthogroup,6,6
OG0001994,orthogroup,6,6
OG0001995,orthogroup,6,6
OG0001996,orthogroup,6,6
OG0001997,orthogroup,6,6
OG0001998,orthogroup,6,6
OG0001999,orthogroup,6,6
OG0002000,orthogroup,6,6
OG0002001,orthogroup,6,6
OG0002002,orthogroup,6,6
OG0002003,orthogroup,6,6
OG0002004,orthogroup,6,6
OG0002005,orthogroup,6,6
OG0002006,orthogroup,6,6
OG0002007,orthogroup,6,6
OG0002008,orthogroup,6,6
OG0002009,orthogroup,6,6
OG0002010,orthogroup,6,6
OG0002011,orthogroup,6,6
OG0002012,orthogroup,6,6
OG0002013,orthogroup,6,6
OG0002014,orthogroup,6,6
OG0002015,orthogroup,6,6
OG0002016,orthogroup,6,6
OG0002017,orthogroup,6,6
OG0002018,orthogroup,6,6
OG0002019,orthogroup,6,6
OG0002020,orthogroup,6,6
OG0002021,orthogroup,6,6
OG0002022,orthogroup,6,6
OG0002023,orthogroup,6,6
OG0002024,orthogroup,6,6
OG0002025,orthogroup,6,6
OG0002026,orthogroup,6,6
OG0002027,orthogroup,6,6
OG0002028,orthogroup,6,6
OG0002029,orthogroup,6,6
OG0002030,orthogroup,6,6
OG0002031,orthogroup,6,6
OG0002032,orthogroup,6,6
OG0002033,orthogroup,6,6
OG0002034,orthogroup,6,6
OG0002035,orthogroup,6,6
OG0002036,orthogroup,6,6
OG0002037,orthogroup,6,6
OG0002038,orthogroup,6,6
OG0002039,orthogroup,6,6
OG0002040,orthogroup,6,6
OG0002041,orthogroup,6,6
OG0002042,orthogroup,6,6
OG0002043,orthogroup,6,6
OG0002044,orthogroup,6,6
OG0002045,orthogroup,6,6
OG0002046,orthogroup,6,6
OG0002047,orthogroup,6,6
OG0002048,orthogroup,6,6
OG0002049,orthogroup,6,6
OG0002050,orthogroup,6,6
OG0002051,orthogroup,6,6
OG0002052,orthogroup,6,6
OG0002053,orthogroup,6,6
OG0002054,orthogroup,6,6
OG0002055,orthogroup,6,6
OG0002056,orthogroup,6,6
OG0002057,orthogroup,6,6
OG0002058,orthogroup,6,6
OG0002059,orthogroup,6,6
OG0002060,orthogroup,6,6
OG0002061,orthogroup,6,6
OG0002062,orthogroup,6,6
OG0002063,orthogroup,6,6
OG0002064,orthogroup,6,6
OG0002065,orthogroup,6,6
OG0002066,orthogroup,6,6
OG0002067,orthogroup,6,5
OG0002068,orthogroup,6,6
OG0002069,orthogroup,6,6
OG0002070,orthogroup,6,6
OG0002071,orthogroup,6,6
OG0002072,orthogroup,6,6
OG0002073,orthogroup,6,6
OG0002074,orthogroup,6,6
OG0002075,orthogroup,6,6
OG0002076,orthogroup,6,6
OG0002077,orthogroup,6,6
OG0002078,orthogroup,6,5
OG0002079,orthogroup,6,5
OG0002080,orthogroup,6,6
OG0002081,orthogroup,6,6
OG0002082,orthogroup,6,6
OG0002083,orthogroup,6,6
OG0002084,orthogroup,6,6
OG0002085,orthogroup,6,6
OG0002086,orthogroup,6,6
OG0002087,orthogroup,6,6
OG0002088,orthogroup,6,6
OG0002089,orthogroup,6,6
OG0002090,orthogroup,6,6
OG0002091,orthogroup,6,6
OG0002092,orthogroup,6,6
OG0002093,orthogroup,6,6
OG0002094,orthogroup,6,6
OG0002095,orthogroup,6,6
OG0002096,orthogroup,6,6
OG0002097,orthogroup,6,6
OG0002098,orthogroup,6,6
OG0002099,orthogroup,6,6
OG0002100,orthogroup,6,6
OG0002101,orthogroup,6,6
OG0002102,orthogroup,6,6
OG0002103,orthogroup,6,6
OG0002104,orthogroup,6,6
OG0002105,orthogroup,6,6
OG0002106,orthogroup,6,6
OG0002107,orthogroup,6,6
OG0002108,orthogroup,6,5
OG0002109,orthogroup,6,6
OG0002110,orthogroup,6,6
OG0002111,orthogroup,6,6
OG0002112,orthogroup,6,6
OG0002113,orthogroup,6,6
OG0002114,orthogroup,6,6
OG0002115,orthogroup,6,6
OG0002116,orthogroup,6,6
OG0002117,orthogroup,6,6
OG0002118,orthogroup,6,6
OG0002119,orthogroup,6,6
OG0002120,orthogroup,6,6
OG0002121,orthogroup,6,6
OG0002122,orthogroup,6,6
OG0002123,orthogroup,6,6
OG0002124,orthogroup,6,6
OG0002125,orthogroup,6,6
OG0002126,orthogroup,6,6
OG0002127,orthogroup,6,6
OG0002128,orthogroup,6,6
OG0002129,orthogroup,6,6
OG0002130,orthogroup,6,6
OG0002131,orthogroup,6,6
OG0002132,orthogroup,6,6
OG0002133,orthogroup,6,6
OG0002134,orthogroup,6,6
OG0002135,orthogroup,6,6
OG0002136,orthogroup,6,6
OG0002137,orthogroup,6,6
OG0002138,orthogroup,6,6
OG0002139,orthogroup,6,6
OG0002140,orthogroup,6,6
OG0002141,orthogroup,6,6
OG0002142,orthogroup,6,6
OG0002143,orthogroup,6,6
OG0002144,orthogroup,6,6
OG0002145,orthogroup,6,6
OG0002146,orthogroup,6,6
OG0002147,orthogroup,6,6
OG0002148,orthogroup,6,6
OG0002149,orthogroup,6,6
OG0002150,orthogroup,6,6
OG0002151,orthogroup,6,6
OG0002152,orthogroup,6,6
OG0002153,orthogroup,6,6
OG0002154,orthogroup,6,6
OG0002155,orthogroup,6,6
OG0002156,orthogroup,6,6
OG0002157,orthogroup,6,6
OG0002158,orthogroup,6,6
OG0002159,orthogroup,6,6
OG0002160,orthogroup,6,6
OG0002161,orthogroup,6,6
OG0002162,orthogroup,6,6
OG0002163,orthogroup,6,6
OG0002164,orthogroup,6,6
OG0002165,orthogroup,6,6
OG0002166,orthogroup,6,6
OG0002167,orthogroup,6,6
OG0002168,orthogroup,6,6
OG0002169,orthogroup,6,6
OG0002170,orthogroup,6,6
OG0002171,orthogroup,6,6
OG0002172,orthogroup,6,6
OG0002173,orthogroup,6,6
OG0002174,orthogroup,6,6
OG0002175,orthogroup,6,6
OG0002176,orthogroup,6,6
OG0002177,orthogroup,6,6
OG0002178,orthogroup,6,6
OG0002179,orthogroup,6,6
OG0002180,orthogroup,6,6
OG0002181,orthogroup,6,6
OG0002182,orthogroup,6,6
OG0002183,orthogroup,6,6
OG0002184,orthogroup,6,6
OG0002185,orthogroup,6,6
OG0002186,orthogroup,6,6
OG0002187,orthogroup,6,6
OG0002188,orthogroup,6,6
OG0002189,orthogroup,6,6
OG0002190,orthogroup,6,6
OG0002191,orthogroup,6,6
OG0002192,orthogroup,6,6
OG0002193,orthogroup,6,6
OG0002194,orthogroup,6,6
OG0002195,orthogroup,6,6
OG0002196,orthogroup,6,6
OG0002197,orthogroup,6,6
OG0002198,orthogroup,6,6
OG0002199,orthogroup,6,6
OG0002200,orthogroup,6,6
OG0002201,orthogroup,6,6
OG0002202,orthogroup,6,6
OG0002203,orthogroup,6,6
OG0002204,orthogroup,6,6
OG0002205,orthogroup,6,6
OG0002206,orthogroup,6,6
OG0002207,orthogroup,6,6
OG0002208,orthogroup,6,6
OG0002209,orthogroup,6,6
OG0002210,orthogroup,6,6
OG0002211,orthogroup,6,6
OG0002212,orthogroup,6,6
OG0002213,orthogroup,6,6
OG0002214,orthogroup,6,6
OG0002215,orthogroup,6,6
OG0002216,orthogroup,6,6
OG0002217,orthogroup,6,6
OG0002218,orthogroup,6,6
OG0002219,orthogroup,6,6
OG0002220,orthogroup,6,6
OG0002221,orthogroup,6,6
OG0002222,orthogroup,6,6
OG0002223,orthogroup,6,6
OG0002224,orthogroup,6,6
OG0002225,orthogroup,6,6
OG0002226,orthogroup,6,6
OG0002227,orthogroup,6,6
OG0002228,orthogroup,6,6
OG0002229,orthogroup,6,6
OG0002230,orthogroup,6,6
OG0002231,orthogroup,6,6
OG0002232,orthogroup,6,6
OG0002233,orthogroup,6,6
OG0002234,orthogroup,6,6
OG0002235,orthogroup,6,6
OG0002236,orthogroup,6,6
OG0002237,orthogroup,6,6
OG0002238,orthogroup,6,6
OG0002239,orthogroup,6,6
OG0002240,orthogroup,6,6
OG0002241,orthogroup,6,6
OG0002242,orthogroup,6,6
OG0002243,orthogroup,6,6
OG0002244,orthogroup,6,6
OG0002245,orthogroup,6,6
OG0002246,orthogroup,6,6
OG0002247,orthogroup,6,6
OG0002248,orthogroup,6,6
OG0002249,orthogroup,6,6
OG0002250,orthogroup,6,6
OG0002251,orthogroup,6,6
OG0002252,orthogroup,6,6
OG0002253,orthogroup,6,5
OG0002254,orthogroup,6,6
OG0002255,orthogroup,6,6
OG0002256,orthogroup,6,6
OG0002257,orthogroup,6,6
OG0002258,orthogroup,6,6
OG0002259,orthogroup,6,6
OG0002260,orthogroup,6,6
OG0002261,orthogroup,6,6
OG0002262,orthogroup,6,6
OG0002263,orthogroup,6,6
OG0002264,orthogroup,6,6
OG0002265,orthogroup,6,6
OG0002266,orthogroup,6,6
OG0002267,orthogroup,6,6
OG0002268,orthogroup,6,6
OG0002269,orthogroup,6,6
OG0002270,orthogroup,6,5
OG0002271,orthogroup,6,6
OG0002272,orthogroup,6,6
OG0002273,orthogroup,6,6
OG0002274,orthogroup,6,6
OG0002275,orthogroup,6,6
OG0002276,orthogroup,6,6
OG0002277,orthogroup,6,6
OG0002278,orthogroup,6,6
OG0002279,orthogroup,6,6
OG0002280,orthogroup,6,6
OG0002281,orthogroup,6,6
OG0002282,orthogroup,6,6
OG0002283,orthogroup,6,6
OG0002284,orthogroup,6,6
OG0002285,orthogroup,6,6
OG0002286,orthogroup,6,6
OG0002287,orthogroup,6,6
OG0002288,orthogroup,6,6
OG0002289,orthogroup,6,6
OG0002290,orthogroup,6,6
OG0002291,orthogroup,6,6
OG0002292,orthogroup,6,6
OG0002293,orthogroup,6,6
OG0002294,orthogroup,6,6
OG0002295,orthogroup,6,6
OG0002296,orthogroup,6,6
OG0002297,orthogroup,6,6
OG0002298,orthogroup,6,6
OG0002299,orthogroup,6,6
OG0002300,orthogroup,6,6
OG0002301,orthogroup,6,6
OG0002302,orthogroup,6,6
OG0002303,orthogroup,6,6
OG0002304,orthogroup,6,6
OG0002305,orthogroup,6,6
OG0002306,orthogroup,6,6
OG0002307,orthogroup,6,6
OG0002308,orthogroup,6,6
OG0002309,orthogroup,6,6
OG0002310,orthogroup,6,6
OG0002311,orthogroup,6,6
OG0002312,orthogroup,6,6
OG0002313,orthogroup,6,6
OG0002314,orthogroup,6,6
OG0002315,orthogroup,6,6
OG0002316,orthogroup,6,6
OG0002317,orthogroup,6,6
OG0002318,orthogroup,6,6
OG0002319,orthogroup,6,6
OG0002320,orthogroup,6,6
OG0002321,orthogroup,6,6
OG0002322,orthogroup,6,6
OG0002323,orthogroup,6,6
OG0002324,orthogroup,6,6
OG0002325,orthogroup,6,6
OG0002326,orthogroup,6,6
OG0002327,orthogroup,6,6
OG0002328,orthogroup,6,6
OG0002329,orthogroup,6,6
OG0002330,orthogroup,6,6
OG0002331,orthogroup,6,6
OG0002332,orthogroup,6,6
OG0002333,orthogroup,6,6
OG0002334,orthogroup,6,6
OG0002335,orthogroup,6,6
OG0002336,orthogroup,6,6
OG0002337,orthogroup,6,6
OG0002338,orthogroup,6,6
OG0002339,orthogroup,6,6
OG0002340,orthogroup,6,6
OG0002341,orthogroup,6,6
OG0002342,orthogroup,6,6
OG0002343,orthogroup,6,6
OG0002344,orthogroup,6,6
OG0002345,orthogroup,6,6
OG0002346,orthogroup,6,6
OG0002347,orthogroup,6,6
OG0002348,orthogroup,6,6
OG0002349,orthogroup,6,6
OG0002350,orthogroup,6,6
OG0002351,orthogroup,6,6
OG0002352,orthogroup,6,6
OG0002353,orthogroup,6,6
OG0002354,orthogroup,6,6
OG0002355,orthogroup,6,6
OG0002356,orthogroup,6,6
OG0002357,orthogroup,6,6
OG0002358,orthogroup,6,6
OG0002359,orthogroup,6,6
OG0002360,orthogroup,6,6
OG0002361,orthogroup,6,6
OG0002362,orthogroup,6,6
OG0002363,orthogroup,6,6
OG0002364,orthogroup,6,6
OG0002365,orthogroup,6,6
OG0002366,orthogroup,6,6
OG0002367,orthogroup,6,6
OG0002368,orthogroup,6,6
OG0002369,orthogroup,6,6
OG0002370,orthogroup,6,6
OG0002371,orthogroup,6,6
OG0002372,orthogroup,6,6
OG0002373,orthogroup,6,6
OG0002374,orthogroup,6,6
OG0002375,orthogroup,6,6
OG0002376,orthogroup,6,6
OG0002377,orthogroup,6,6
OG0002378,orthogroup,6,6
OG0002379,orthogroup,6,6
OG0002380,orthogroup,6,6
OG0002381,orthogroup,6,6
OG0002382,orthogroup,6,6
OG0002383,orthogroup,6,6
OG0002384,orthogroup,6,6
OG0002385,orthogroup,6,6
OG0002386,orthogroup,6,6
OG0002387,orthogroup,6,6
OG0002388,orthogroup,6,6
OG0002389,orthogroup,6,6
OG0002390,orthogroup,6,6
OG0002391,orthogroup,6,6
OG0002392,orthogroup,6,6
OG0002393,orthogroup,6,6
OG0002394,orthogroup,6,6
OG0002395,orthogroup,6,6
OG0002396,orthogroup,6,6
OG0002397,orthogroup,6,6
OG0002398,orthogroup,6,6
OG0002399,orthogroup,6,6
OG0002400,orthogroup,6,6
OG0002401,orthogroup,6,6
OG0002402,orthogroup,6,6
OG0002403,orthogroup,6,6
OG0002404,orthogroup,6,6
OG0002405,orthogroup,6,6
OG0002406,orthogroup,6,6
OG0002407,orthogroup,6,6
OG0002408,orthogroup,6,6
OG0002409,orthogroup,6,5
OG0002410,orthogroup,6,6
OG0002411,orthogroup,6,6
OG0002412,orthogroup,6,6
OG0002413,orthogroup,6,6
OG0002414,orthogroup,6,6
OG0002415,orthogroup,6,6
OG0002416,orthogroup,6,6
OG0002417,orthogroup,6,6
OG0002418,orthogroup,6,6
OG0002419,orthogroup,6,6
OG0002420,orthogroup,6,6
OG0002421,orthogroup,6,6
OG0002422,orthogroup,6,6
OG0002423,orthogroup,6,6
OG0002424,orthogroup,6,6
OG0002425,orthogroup,6,6
OG0002426,orthogroup,6,6
OG0002427,orthogroup,6,6
OG0002428,orthogroup,6,6
OG0002429,orthogroup,6,6
OG0002430,orthogroup,6,6
OG0002431,orthogroup,6,6
OG0002432,orthogroup,6,6
OG0002433,orthogroup,6,6
OG0002434,orthogroup,6,6
OG0002435,orthogroup,6,6
OG0002436,orthogroup,6,6
OG0002437,orthogroup,6,6
OG0002438,orthogroup,6,6
OG0002439,orthogroup,6,6
OG0002440,orthogroup,6,6
OG0002441,orthogroup,6,6
OG0002442,orthogroup,6,6
OG0002443,orthogroup,6,6
OG0002444,orthogroup,6,6
OG0002445,orthogroup,6,6
OG0002446,orthogroup,6,6
OG0002447,orthogroup,6,6
OG0002448,orthogroup,6,6
OG0002449,orthogroup,6,6
OG0002450,orthogroup,6,6
OG0002451,orthogroup,6,6
OG0002452,orthogroup,6,6
OG0002453,orthogroup,6,6
OG0002454,orthogroup,6,6
OG0002455,orthogroup,6,6
OG0002456,orthogroup,6,6
OG0002457,orthogroup,6,6
OG0002458,orthogroup,6,6
OG0002459,orthogroup,6,6
OG0002460,orthogroup,6,6
OG0002461,orthogroup,6,6
OG0002462,orthogroup,6,6
OG0002463,orthogroup,6,6
OG0002464,orthogroup,6,6
OG0002465,orthogroup,6,6
OG0002466,orthogroup,6,6
OG0002467,orthogroup,6,6
OG0002468,orthogroup,6,6
OG0002469,orthogroup,6,6
OG0002470,orthogroup,6,6
OG0002471,orthogroup,6,6
OG0002472,orthogroup,6,6
OG0002473,orthogroup,6,6
OG0002474,orthogroup,6,6
OG0002475,orthogroup,6,6
OG0002476,orthogroup,6,6
OG0002477,orthogroup,6,6
OG0002478,orthogroup,6,6
OG0002479,orthogroup,6,6
OG0002480,orthogroup,6,6
OG0002481,orthogroup,6,6
OG0002482,orthogroup,6,6
OG0002483,orthogroup,6,6
OG0002484,orthogroup,6,6
OG0002485,orthogroup,6,6
OG0002486,orthogroup,6,6
OG0002487,orthogroup,6,6
OG0002488,orthogroup,6,6
OG0002489,orthogroup,6,6
OG0002490,orthogroup,6,6
OG0002491,orthogroup,6,6
OG0002492,orthogroup,6,6
OG0002493,orthogroup,6,5
OG0002494,orthogroup,6,6
OG0002495,orthogroup,6,6
OG0002496,orthogroup,6,6
OG0002497,orthogroup,6,6
OG0002498,orthogroup,6,6
OG0002499,orthogroup,6,6
OG0002500,orthogroup,6,6
OG0002501,orthogroup,6,6
OG0002502,orthogroup,6,5
OG0002503,orthogroup,6,6
OG0002504,orthogroup,6,6
OG0002505,orthogroup,6,6
OG0002506,orthogroup,6,6
OG0002507,orthogroup,6,6
OG0002508,orthogroup,6,6
OG0002509,orthogroup,6,6
OG0002510,orthogroup,6,6
OG0002511,orthogroup,6,6
OG0002512,orthogroup,6,6
OG0002513,orthogroup,6,6
OG0002514,orthogroup,6,6
OG0002515,orthogroup,6,6
OG0002516,orthogroup,6,6
OG0002517,orthogroup,6,6
OG0002518,orthogroup,6,6
OG0002519,orthogroup,6,6
OG0002520,orthogroup,6,6
OG0002521,orthogroup,6,6
OG0002522,orthogroup,6,6
OG0002523,orthogroup,6,6
OG0002524,orthogroup,6,6
OG0002525,orthogroup,6,6
OG0002526,orthogroup,6,6
OG0002527,orthogroup,6,6
OG0002528,orthogroup,6,6
OG0002529,orthogroup,6,6
OG0002530,orthogroup,6,6
OG0002531,orthogroup,6,6
OG0002532,orthogroup,6,6
OG0002533,orthogroup,6,6
OG0002534,orthogroup,6,6
OG0002535,orthogroup,6,6
OG0002536,orthogroup,6,6
OG0002537,orthogroup,6,6
OG0002538,orthogroup,6,6
OG0002539,orthogroup,6,6
OG0002540,orthogroup,6,6
OG0002541,orthogroup,6,6
OG0002542,orthogroup,6,6
OG0002543,orthogroup,6,6
OG0002544,orthogroup,6,6
OG0002545,orthogroup,6,6
OG0002546,orthogroup,6,6
OG0002547,orthogroup,6,6
OG0002548,orthogroup,6,6
OG0002549,orthogroup,6,6
OG0002550,orthogroup,6,6
OG0002551,orthogroup,6,6
OG0002552,orthogroup,6,6
OG0002553,orthogroup,6,6
OG0002554,orthogroup,6,6
OG0002555,orthogroup,6,6
OG0002556,orthogroup,6,6
OG0002557,orthogroup,6,6
OG0002558,orthogroup,6,6
OG0002559,orthogroup,6,6
OG0002560,orthogroup,6,6
OG0002561,orthogroup,6,6
OG0002562,orthogroup,6,6
OG0002563,orthogroup,6,6
OG0002564,orthogroup,6,6
OG0002565,orthogroup,6,6
OG0002566,orthogroup,6,6
OG0002567,orthogroup,6,6
OG0002568,orthogroup,6,6
OG0002569,orthogroup,6,6
OG0002570,orthogroup,6,6
OG0002571,orthogroup,6,6
OG0002572,orthogroup,6,6
OG0002573,orthogroup,6,6
OG0002574,orthogroup,6,6
OG0002575,orthogroup,6,6
OG0002576,orthogroup,6,6
OG0002577,orthogroup,6,6
OG0002578,orthogroup,6,5
OG0002579,orthogroup,6,6
OG0002580,orthogroup,6,6
OG0002581,orthogroup,6,6
OG0002582,orthogroup,6,6
OG0002583,orthogroup,6,6
OG0002584,orthogroup,6,6
OG0002585,orthogroup,6,6
OG0002586,orthogroup,6,6
OG0002587,orthogroup,6,6
OG0002588,orthogroup,6,6
OG0002589,orthogroup,6,6
OG0002590,orthogroup,6,6
OG0002591,orthogroup,6,6
OG0002592,orthogroup,6,6
OG0002593,orthogroup,6,6
OG0002594,orthogroup,6,6
OG0002595,orthogroup,6,6
OG0002596,orthogroup,6,6
OG0002597,orthogroup,6,6
OG0002598,orthogroup,6,6
OG0002599,orthogroup,6,6
OG0002600,orthogroup,6,6
OG0002601,orthogroup,6,6
OG0002602,orthogroup,6,6
OG0002603,orthogroup,6,6
OG0002604,orthogroup,6,6
OG0002605,orthogroup,6,6
OG0002606,orthogroup,6,6
OG0002607,orthogroup,6,6
OG0002608,orthogroup,6,6
OG0002609,orthogroup,6,6
OG0002610,orthogroup,6,6
OG0002611,orthogroup,6,6
OG0002612,orthogroup,6,5
OG0002613,orthogroup,6,6
OG0002614,orthogroup,6,6
OG0002615,orthogroup,6,6
OG0002616,orthogroup,6,6
OG0002617,orthogroup,6,6
OG0002618,orthogroup,6,6
OG0002619,orthogroup,6,6
OG0002620,orthogroup,6,6
OG0002621,orthogroup,6,6
OG0002622,orthogroup,6,6
OG0002623,orthogroup,6,6
OG0002624,orthogroup,6,6
OG0002625,orthogroup,6,6
OG0002626,orthogroup,6,6
OG0002627,orthogroup,6,6
OG0002628,orthogroup,6,6
OG0002629,orthogroup,6,6
OG0002630,orthogroup,6,6
OG0002631,orthogroup,6,6
OG0002632,orthogroup,6,6
OG0002633,orthogroup,6,6
OG0002634,orthogroup,6,6
OG0002635,orthogroup,6,6
OG0002636,orthogroup,6,6
OG0002637,orthogroup,6,6
OG0002638,orthogroup,6,6
OG0002639,orthogroup,6,6
OG0002640,orthogroup,6,6
OG0002641,orthogroup,6,6
OG0002642,orthogroup,6,6
OG0002643,orthogroup,6,6
OG0002644,orthogroup,6,6
OG0002645,orthogroup,6,6
OG0002646,orthogroup,6,6
OG0002647,orthogroup,6,6
OG0002648,orthogroup,6,6
OG0002649,orthogroup,6,6
OG0002650,orthogroup,6,6
OG0002651,orthogroup,6,6
OG0002652,orthogroup,6,6
OG0002653,orthogroup,6,6
OG0002654,orthogroup,6,6
OG0002655,orthogroup,6,6
OG0002656,orthogroup,6,6
OG0002657,orthogroup,6,6
OG0002658,orthogroup,6,6
OG0002659,orthogroup,6,6
OG0002660,orthogroup,6,6
OG0002661,orthogroup,6,6
OG0002662,orthogroup,6,6
OG0002663,orthogroup,6,6
OG0002664,orthogroup,6,6
OG0002665,orthogroup,6,6
OG0002666,orthogroup,6,6
OG0002667,orthogroup,6,6
OG0002668,orthogroup,6,6
OG0002669,orthogroup,6,6
OG0002670,orthogroup,6,6
OG0002671,orthogroup,6,6
OG0002672,orthogroup,6,6
OG0002673,orthogroup,6,6
OG0002674,orthogroup,6,6
OG0002675,orthogroup,6,6
OG0002676,orthogroup,6,6
OG0002677,orthogroup,6,6
OG0002678,orthogroup,6,6
OG0002679,orthogroup,6,6
OG0002680,orthogroup,6,6
OG0002681,orthogroup,6,6
OG0002682,orthogroup,6,6
OG0002683,orthogroup,6,6
OG0002684,orthogroup,6,6
OG0002685,orthogroup,6,6
OG0002686,orthogroup,6,6
OG0002687,orthogroup,6,6
OG0002688,orthogroup,6,6
OG0002689,orthogroup,6,6
OG0002690,orthogroup,6,6
OG0002691,orthogroup,6,5
OG0002692,orthogroup,6,6
OG0002693,orthogroup,6,6
OG0002694,orthogroup,6,6
OG0002695,orthogroup,6,6
OG0002696,orthogroup,6,6
OG0002697,orthogroup,6,6
OG0002698,orthogroup,6,6
OG0002699,orthogroup,6,6
OG0002700,orthogroup,6,6
OG0002701,orthogroup,6,6
OG0002702,orthogroup,6,6
OG0002703,orthogroup,6,6
OG0002704,orthogroup,6,6
OG0002705,orthogroup,6,6
OG0002706,orthogroup,6,6
OG0002707,orthogroup,6,6
OG0002708,orthogroup,6,6
OG0002709,orthogroup,6,6
OG0002710,orthogroup,6,6
OG0002711,orthogroup,6,6
OG0002712,orthogroup,6,6
OG0002713,orthogroup,6,6
OG0002714,orthogroup,6,6
OG0002715,orthogroup,6,6
OG0002716,orthogroup,6,6
OG0002717,orthogroup,6,6
OG0002718,orthogroup,6,6
OG0002719,orthogroup,6,6
OG0002720,orthogroup,6,6
OG0002721,orthogroup,6,6
OG0002722,orthogroup,6,6
OG0002723,orthogroup,6,6
OG0002724,orthogroup,6,6
OG0002725,orthogroup,6,6
OG0002726,orthogroup,6,6
OG0002727,orthogroup,6,6
OG0002728,orthogroup,6,6
OG0002729,orthogroup,6,6
OG0002730,orthogroup,6,6
OG0002731,orthogroup,6,6
OG0002732,orthogroup,6,6
OG0002733,orthogroup,6,6
OG0002734,orthogroup,6,6
OG0002735,orthogroup,6,6
OG0002736,orthogroup,6,6
OG0002737,orthogroup,6,6
OG0002738,orthogroup,6,6
OG0002739,orthogroup,6,6
OG0002740,orthogroup,6,6
OG0002741,orthogroup,6,6
OG0002742,orthogroup,6,6
OG0002743,orthogroup,6,6
OG0002744,orthogroup,6,6
OG0002745,orthogroup,6,6
OG0002746,orthogroup,6,6
OG0002747,orthogroup,6,6
OG0002748,orthogroup,6,6
OG0002749,orthogroup,6,6
OG0002750,orthogroup,6,6
OG0002751,orthogroup,6,6
OG0002752,orthogroup,6,6
OG0002753,orthogroup,6,6
OG0002754,orthogroup,6,6
OG0002755,orthogroup,6,6
OG0002756,orthogroup,6,6
OG0002757,orthogroup,6,6
OG0002758,orthogroup,6,6
OG0002759,orthogroup,6,6
OG0002760,orthogroup,6,6
OG0002761,orthogroup,6,6
OG0002762,orthogroup,6,6
OG0002763,orthogroup,6,6
OG0002764,orthogroup,6,6
OG0002765,orthogroup,6,6
OG0002766,orthogroup,6,6
OG0002767,orthogroup,6,6
OG0002768,orthogroup,6,6
OG0002769,orthogroup,6,6
OG0002770,orthogroup,6,6
OG0002771,orthogroup,6,6
OG0002772,orthogroup,6,6
OG0002773,orthogroup,6,6
OG0002774,orthogroup,6,6
OG0002775,orthogroup,6,6
OG0002776,orthogroup,6,6
OG0002777,orthogroup,6,6
OG0002778,orthogroup,6,6
OG0002779,orthogroup,6,6
OG0002780,orthogroup,6,6
OG0002781,orthogroup,6,6
OG0002782,orthogroup,6,6
OG0002783,orthogroup,6,6
OG0002784,orthogroup,6,6
OG0002785,orthogroup,6,6
OG0002786,orthogroup,6,6
OG0002787,orthogroup,6,6
OG0002788,orthogroup,6,6
OG0002789,orthogroup,6,6
OG0002790,orthogroup,6,6
OG0002791,orthogroup,6,6
OG0002792,orthogroup,6,6
OG0002793,orthogroup,6,6
OG0002794,orthogroup,6,6
OG0002795,orthogroup,6,6
OG0002796,orthogroup,6,6
OG0002797,orthogroup,6,6
OG0002798,orthogroup,6,6
OG0002799,orthogroup,6,6
OG0002800,orthogroup,6,6
OG0002801,orthogroup,6,6
OG0002802,orthogroup,6,6
OG0002803,orthogroup,6,6
OG0002804,orthogroup,6,6
OG0002805,orthogroup,6,6
OG0002806,orthogroup,6,6
OG0002807,orthogroup,6,6
OG0002808,orthogroup,6,6
OG0002809,orthogroup,6,6
OG0002810,orthogroup,6,6
OG0002811,orthogroup,6,6
OG0002812,orthogroup,6,6
OG0002813,orthogroup,6,6
OG0002814,orthogroup,6,6
OG0002815,orthogroup,6,6
OG0002816,orthogroup,6,6
OG0002817,orthogroup,6,6
OG0002818,orthogroup,6,4
OG0002819,orthogroup,6,5
OG0002820,orthogroup,6,6
OG0002821,orthogroup,6,6
OG0002822,orthogroup,6,6
OG0002823,orthogroup,6,6
OG0002824,orthogroup,6,6
OG0002825,orthogroup,6,6
OG0002826,orthogroup,6,6
OG0002827,orthogroup,6,6
OG0002828,orthogroup,6,6
OG0002829,orthogroup,6,6
OG0002830,orthogroup,6,6
OG0002831,orthogroup,6,6
OG0002832,orthogroup,6,6
OG0002833,orthogroup,6,6
OG0002834,orthogroup,6,6
OG0002835,orthogroup,6,6
OG0002836,orthogroup,6,6
OG0002837,orthogroup,6,6
OG0002838,orthogroup,6,6
OG0002839,orthogroup,6,6
OG0002840,orthogroup,6,6
OG0002841,orthogroup,6,6
OG0002842,orthogroup,6,6
OG0002843,orthogroup,6,6
OG0002844,orthogroup,6,6
OG0002845,orthogroup,6,6
OG0002846,orthogroup,6,6
OG0002847,orthogroup,6,6
OG0002848,orthogroup,6,6
OG0002849,orthogroup,6,6
OG0002850,orthogroup,6,6
OG0002851,orthogroup,6,6
OG0002852,orthogroup,6,6
OG0002853,orthogroup,6,6
OG0002854,orthogroup,6,6
OG0002855,orthogroup,6,6
OG0002856,orthogroup,6,6
OG0002857,orthogroup,6,6
OG0002858,orthogroup,6,6
OG0002859,orthogroup,6,6
OG0002860,orthogroup,6,6
OG0002861,orthogroup,6,6
OG0002862,orthogroup,6,6
OG0002863,orthogroup,6,6
OG0002864,orthogroup,6,6
OG0002865,orthogroup,6,6
OG0002866,orthogroup,6,6
OG0002867,orthogroup,6,6
OG0002868,orthogroup,6,6
OG0002869,orthogroup,6,6
OG0002870,orthogroup,6,6
OG0002871,orthogroup,6,6
OG0002872,orthogroup,6,6
OG0002873,orthogroup,6,6
OG0002874,orthogroup,6,6
OG0002875,orthogroup,6,6
OG0002876,orthogroup,6,6
OG0002877,orthogroup,6,6
OG0002878,orthogroup,6,6
OG0002879,orthogroup,6,6
OG0002880,orthogroup,6,6
OG0002881,orthogroup,6,6
OG0002882,orthogroup,6,6
OG0002883,orthogroup,6,6
OG0002884,orthogroup,6,6
OG0002885,orthogroup,6,6
OG0002886,orthogroup,6,6
OG0002887,orthogroup,6,6
OG0002888,orthogroup,6,6
OG0002889,orthogroup,6,6
OG0002890,orthogroup,6,6
OG0002891,orthogroup,6,6
OG0002892,orthogroup,6,6
OG0002893,orthogroup,6,6
OG0002894,orthogroup,6,6
OG0002895,orthogroup,6,6
OG0002896,orthogroup,6,6
OG0002897,orthogroup,6,6
OG0002898,orthogroup,6,6
OG0002899,orthogroup,6,6
OG0002900,orthogroup,6,6
OG0002901,orthogroup,6,6
OG0002902,orthogroup,6,6
OG0002903,orthogroup,6,6
OG0002904,orthogroup,6,6
OG0002905,orthogroup,6,6
OG0002906,orthogroup,6,6
OG0002907,orthogroup,6,6
OG0002908,orthogroup,6,6
OG0002909,orthogroup,6,6
OG0002910,orthogroup,6,6
OG0002911,orthogroup,6,6
OG0002912,orthogroup,6,6
OG0002913,orthogroup,6,6
OG0002914,orthogroup,6,6
OG0002915,orthogroup,6,6
OG0002916,orthogroup,6,6
OG0002917,orthogroup,6,6
OG0002918,orthogroup,6,6
OG0002919,orthogroup,6,6
OG0002920,orthogroup,6,6
OG0002921,orthogroup,6,6
OG0002922,orthogroup,6,6
OG0002923,orthogroup,6,6
OG0002924,orthogroup,6,6
OG0002925,orthogroup,6,6
OG0002926,orthogroup,6,6
OG0002927,orthogroup,6,6
OG0002928,orthogroup,6,6
OG0002929,orthogroup,6,6
OG0002930,orthogroup,6,6
OG0002931,orthogroup,6,6
OG0002932,orthogroup,6,6
OG0002933,orthogroup,6,6
OG0002934,orthogroup,6,6
OG0002935,orthogroup,6,6
OG0002936,orthogroup,6,6
OG0002937,orthogroup,6,6
OG0002938,orthogroup,6,6
OG0002939,orthogroup,6,6
OG0002940,orthogroup,6,6
OG0002941,orthogroup,6,6
OG0002942,orthogroup,6,6
OG0002943,orthogroup,6,6
OG0002944,orthogroup,6,6
OG0002945,orthogroup,6,6
OG0002946,orthogroup,6,6
OG0002947,orthogroup,6,6
OG0002948,orthogroup,6,6
OG0002949,orthogroup,6,6
OG0002950,orthogroup,6,6
OG0002951,orthogroup,6,6
OG0002952,orthogroup,6,6
OG0002953,orthogroup,6,6
OG0002954,orthogroup,6,6
OG0002955,orthogroup,6,6
OG0002956,orthogroup,6,6
OG0002957,orthogroup,6,6
OG0002958,orthogroup,6,6
OG0002959,orthogroup,6,6
OG0002960,orthogroup,6,6
OG0002961,orthogroup,6,6
OG0002962,orthogroup,6,6
OG0002963,orthogroup,6,6
OG0002964,orthogroup,6,6
OG0002965,orthogroup,6,6
OG0002966,orthogroup,6,6
OG0002967,orthogroup,6,6
OG0002968,orthogroup,6,6
OG0002969,orthogroup,6,6
OG0002970,orthogroup,6,6
OG0002971,orthogroup,6,6
OG0002972,orthogroup,6,6
OG0002973,orthogroup,6,6
OG0002974,orthogroup,6,6
OG0002975,orthogroup,6,6
OG0002976,orthogroup,6,6
OG0002977,orthogroup,6,6
OG0002978,orthogroup,6,6
OG0002979,orthogroup,6,6
OG0002980,orthogroup,6,6
OG0002981,orthogroup,6,6
OG0002982,orthogroup,6,6
OG0002983,orthogroup,6,6
OG0002984,orthogroup,6,6
OG0002985,orthogroup,6,6
OG0002986,orthogroup,6,6
OG0002987,orthogroup,6,6
OG0002988,orthogroup,6,6
OG0002989,orthogroup,6,6
OG0002990,orthogroup,6,6
OG0002991,orthogroup,6,6
OG0002992,orthogroup,6,6
OG0002993,orthogroup,6,6
OG0002994,orthogroup,6,5
OG0002995,orthogroup,6,6
OG0002996,orthogroup,6,6
OG0002997,orthogroup,6,6
OG0002998,orthogroup,6,6
OG0002999,orthogroup,6,6
OG0003000,orthogroup,6,6
OG0003001,orthogroup,6,6
OG0003002,orthogroup,6,6
OG0003003,orthogroup,6,6
OG0003004,orthogroup,6,6
OG0003005,orthogroup,6,6
OG0003006,orthogroup,6,6
OG0003007,orthogroup,6,6
OG0003008,orthogroup,6,6
OG0003009,orthogroup,6,6
OG0003010,orthogroup,6,6
OG0003011,orthogroup,6,6
OG0003012,orthogroup,6,6
OG0003013,orthogroup,6,6
OG0003014,orthogroup,6,6
OG0003015,orthogroup,6,6
OG0003016,orthogroup,6,6
OG0003017,orthogroup,6,6
OG0003018,orthogroup,6,6
OG0003019,orthogroup,6,6
OG0003020,orthogroup,6,6
OG0003021,orthogroup,6,6
OG0003022,orthogroup,6,6
OG0003023,orthogroup,6,6
OG0003024,orthogroup,6,6
OG0003025,orthogroup,6,6
OG0003026,orthogroup,6,6
OG0003027,orthogroup,6,6
OG0003028,orthogroup,6,6
OG0003029,orthogroup,6,6
OG0003030,orthogroup,6,6
OG0003031,orthogroup,6,6
OG0003032,orthogroup,6,6
OG0003033,orthogroup,6,6
OG0003034,orthogroup,6,6
OG0003035,orthogroup,6,6
OG0003036,orthogroup,6,6
OG0003037,orthogroup,6,6
OG0003038,orthogroup,6,6
OG0003039,orthogroup,6,6
OG0003040,orthogroup,6,6
OG0003041,orthogroup,6,6
OG0003042,orthogroup,6,6
OG0003043,orthogroup,6,5
OG0003044,orthogroup,6,6
OG0003045,orthogroup,6,6
OG0003046,orthogroup,6,6
OG0003047,orthogroup,6,6
OG0003048,orthogroup,6,6
OG0003049,orthogroup,6,6
OG0003050,orthogroup,6,6
OG0003051,orthogroup,6,6
OG0003052,orthogroup,6,6
OG0003053,orthogroup,6,6
OG0003054,orthogroup,6,6
OG0003055,orthogroup,6,6
OG0003056,orthogroup,6,6
OG0003057,orthogroup,6,6
OG0003058,orthogroup,6,6
OG0003059,orthogroup,6,6
OG0003060,orthogroup,6,6
OG0003061,orthogroup,6,6
OG0003062,orthogroup,6,6
OG0003063,orthogroup,6,6
OG0003064,orthogroup,6,6
OG0003065,orthogroup,6,6
OG0003066,orthogroup,6,6
OG0003067,orthogroup,6,6
OG0003068,orthogroup,6,6
OG0003069,orthogroup,6,6
OG0003070,orthogroup,6,6
OG0003071,orthogroup,6,6
OG0003072,orthogroup,6,6
OG0003073,orthogroup,6,6
OG0003074,orthogroup,6,6
OG0003075,orthogroup,6,6
OG0003076,orthogroup,6,6
OG0003077,orthogroup,6,6
OG0003078,orthogroup,6,6
OG0003079,orthogroup,6,6
OG0003080,orthogroup,6,6
OG0003081,orthogroup,6,6
OG0003082,orthogroup,6,6
OG0003083,orthogroup,6,6
OG0003084,orthogroup,6,6
OG0003085,orthogroup,6,6
OG0003086,orthogroup,6,6
OG0003087,orthogroup,6,6
OG0003088,orthogroup,6,6
OG0003089,orthogroup,6,6
OG0003090,orthogroup,6,6
OG0003091,orthogroup,6,6
OG0003092,orthogroup,6,6
OG0003093,orthogroup,6,6
OG0003094,orthogroup,6,6
OG0003095,orthogroup,6,6
OG0003096,orthogroup,6,6
OG0003097,orthogroup,6,6
OG0003098,orthogroup,6,6
OG0003099,orthogroup,6,6
OG0003100,orthogroup,6,6
OG0003101,orthogroup,6,6
OG0003102,orthogroup,6,6
OG0003103,orthogroup,6,4
OG0003104,orthogroup,6,4
OG0003105,orthogroup,6,3
OG0003106,orthogroup,6,5
OG0003107,orthogroup,6,5
OG0003108,orthogroup,6,5
OG0003109,orthogroup,6,4
OG0003110,orthogroup,6,4
OG0003111,orthogroup,6,5
OG0003112,orthogroup,6,4
OG0003113,orthogroup,6,1
OG0003114,orthogroup,6,3
OG0003115,orthogroup,6,3
OG0003116,orthogroup,6,3
OG0003117,orthogroup,6,3
OG0003118,orthogroup,6,3
OG0003119,orthogroup,6,3
OG0003120,orthogroup,6,3
OG0003121,orthogroup,5,5
OG0003122,orthogroup,5,5
OG0003123,orthogroup,5,5
OG0003124,orthogroup,5,4
OG0003125,orthogroup,5,3
OG0003126,orthogroup,5,5
OG0003127,orthogroup,5,5
OG0003128,orthogroup,5,5
OG0003129,orthogroup,5,4
OG0003130,orthogroup,5,5
OG0003131,orthogroup,5,5
OG0003132,orthogroup,5,5
OG0003133,orthogroup,5,5
OG0003134,orthogroup,5,3
OG0003135,orthogroup,5,4
OG0003136,orthogroup,5,5
OG0003137,orthogroup,5,5
OG0003138,orthogroup,5,5
OG0003139,orthogroup,5,4
OG0003140,orthogroup,5,4
OG0003141,orthogroup,5,5
OG0003142,orthogroup,5,5
OG0003143,orthogroup,5,5
OG0003144,orthogroup,5,5
OG0003145,orthogroup,5,5
OG0003146,orthogroup,5,5
OG0003147,orthogroup,5,4
OG0003148,orthogroup,5,5
OG0003149,orthogroup,5,5
OG0003150,orthogroup,5,5
OG0003151,orthogroup,5,4
OG0003152,orthogroup,5,4
OG0003153,orthogroup,5,5
OG0003154,orthogroup,5,5
OG0003155,orthogroup,5,5
OG0003156,orthogroup,5,5
OG0003157,orthogroup,5,5
OG0003158,orthogroup,5,5
OG0003159,orthogroup,5,3
OG0003160,orthogroup,5,5
OG0003161,orthogroup,5,5
OG0003162,orthogroup,5,5
OG0003163,orthogroup,5,5
OG0003164,orthogroup,5,5
OG0003165,orthogroup,5,5
OG0003166,orthogroup,5,5
OG0003167,orthogroup,5,5
OG0003168,orthogroup,5,5
OG0003169,orthogroup,5,5
OG0003170,orthogroup,5,5
OG0003171,orthogroup,5,5
OG0003172,orthogroup,5,5
OG0003173,orthogroup,5,5
OG0003174,orthogroup,5,5
OG0003175,orthogroup,5,5
OG0003176,orthogroup,5,5
OG0003177,orthogroup,5,5
OG0003178,orthogroup,5,5
OG0003179,orthogroup,5,5
OG0003180,orthogroup,5,5
OG0003181,orthogroup,5,4
OG0003182,orthogroup,5,5
OG0003183,orthogroup,5,5
OG0003184,orthogroup,5,5
OG0003185,orthogroup,5,5
OG0003186,orthogroup,5,5
OG0003187,orthogroup,5,5
OG0003188,orthogroup,5,5
OG0003189,orthogroup,5,5
OG0003190,orthogroup,5,5
OG0003191,orthogroup,5,5
OG0003192,orthogroup,5,5
OG0003193,orthogroup,5,5
OG0003194,orthogroup,5,5
OG0003195,orthogroup,5,5
OG0003196,orthogroup,5,5
OG0003197,orthogroup,5,5
OG0003198,orthogroup,5,5
OG0003199,orthogroup,5,5
OG0003200,orthogroup,5,4
OG0003201,orthogroup,5,5
OG0003202,orthogroup,5,5
OG0003203,orthogroup,5,5
OG0003204,orthogroup,5,5
OG0003205,orthogroup,5,5
OG0003206,orthogroup,5,4
OG0003207,orthogroup,5,5
OG0003208,orthogroup,5,5
OG0003209,orthogroup,5,5
OG0003210,orthogroup,5,5
OG0003211,orthogroup,5,5
OG0003212,orthogroup,5,5
OG0003213,orthogroup,5,5
OG0003214,orthogroup,5,5
OG0003215,orthogroup,5,5
OG0003216,orthogroup,5,4
OG0003217,orthogroup,5,5
OG0003218,orthogroup,5,5
OG0003219,orthogroup,5,5
OG0003220,orthogroup,5,5
OG0003221,orthogroup,5,5
OG0003222,orthogroup,5,4
OG0003223,orthogroup,5,5
OG0003224,orthogroup,5,5
OG0003225,orthogroup,5,5
OG0003226,orthogroup,5,5
OG0003227,orthogroup,5,5
OG0003228,orthogroup,5,5
OG0003229,orthogroup,5,5
OG0003230,orthogroup,5,5
OG0003231,orthogroup,5,5
OG0003232,orthogroup,5,5
OG0003233,orthogroup,5,5
OG0003234,orthogroup,5,5
OG0003235,orthogroup,5,5
OG0003236,orthogroup,5,5
OG0003237,orthogroup,5,4
OG0003238,orthogroup,5,5
OG0003239,orthogroup,5,5
OG0003240,orthogroup,5,5
OG0003241,orthogroup,5,4
OG0003242,orthogroup,5,5
OG0003243,orthogroup,5,5
OG0003244,orthogroup,5,4
OG0003245,orthogroup,5,5
OG0003246,orthogroup,5,5
OG0003247,orthogroup,5,4
OG0003248,orthogroup,5,5
OG0003249,orthogroup,5,4
OG0003250,orthogroup,5,4
OG0003251,orthogroup,5,4
OG0003252,orthogroup,5,4
OG0003253,orthogroup,5,5
OG0003254,orthogroup,5,5
OG0003255,orthogroup,5,5
OG0003256,orthogroup,5,5
OG0003257,orthogroup,5,5
OG0003258,orthogroup,5,5
OG0003259,orthogroup,5,5
OG0003260,orthogroup,5,5
OG0003261,orthogroup,5,5
OG0003262,orthogroup,5,4
OG0003263,orthogroup,5,5
OG0003264,orthogroup,5,5
OG0003265,orthogroup,5,5
OG0003266,orthogroup,5,5
OG0003267,orthogroup,5,5
OG0003268,orthogroup,5,5
OG0003269,orthogroup,5,5
OG0003270,orthogroup,5,5
OG0003271,orthogroup,5,5
OG0003272,orthogroup,5,5
OG0003273,orthogroup,5,5
OG0003274,orthogroup,5,5
OG0003275,orthogroup,5,5
OG0003276,orthogroup,5,5
OG0003277,orthogroup,5,5
OG0003278,orthogroup,5,5
OG0003279,orthogroup,5,5
OG0003280,orthogroup,5,5
OG0003281,orthogroup,5,4
OG0003282,orthogroup,5,5
OG0003283,orthogroup,5,5
OG0003284,orthogroup,5,5
OG0003285,orthogroup,5,5
OG0003286,orthogroup,5,5
OG0003287,orthogroup,5,5
OG0003288,orthogroup,5,5
OG0003289,orthogroup,5,5
OG0003290,orthogroup,5,5
OG0003291,orthogroup,5,5
OG0003292,orthogroup,5,5
OG0003293,orthogroup,5,5
OG0003294,orthogroup,5,5
OG0003295,orthogroup,5,5
OG0003296,orthogroup,5,4
OG0003297,orthogroup,5,4
OG0003298,orthogroup,5,5
OG0003299,orthogroup,5,5
OG0003300,orthogroup,5,5
OG0003301,orthogroup,5,5
OG0003302,orthogroup,5,5
OG0003303,orthogroup,5,5
OG0003304,orthogroup,5,5
OG0003305,orthogroup,5,5
OG0003306,orthogroup,5,5
OG0003307,orthogroup,5,4
OG0003308,orthogroup,5,4
OG0003309,orthogroup,5,5
OG0003310,orthogroup,5,5
OG0003311,orthogroup,5,4
OG0003312,orthogroup,5,5
OG0003313,orthogroup,5,5
OG0003314,orthogroup,5,5
OG0003315,orthogroup,5,5
OG0003316,orthogroup,5,5
OG0003317,orthogroup,5,5
OG0003318,orthogroup,5,5
OG0003319,orthogroup,5,5
OG0003320,orthogroup,5,5
OG0003321,orthogroup,5,5
OG0003322,orthogroup,5,5
OG0003323,orthogroup,5,5
OG0003324,orthogroup,5,5
OG0003325,orthogroup,5,4
OG0003326,orthogroup,5,5
OG0003327,orthogroup,5,4
OG0003328,orthogroup,5,4
OG0003329,orthogroup,5,5
OG0003330,orthogroup,5,5
OG0003331,orthogroup,5,5
OG0003332,orthogroup,5,5
OG0003333,orthogroup,5,5
OG0003334,orthogroup,5,5
OG0003335,orthogroup,5,5
OG0003336,orthogroup,5,5
OG0003337,orthogroup,5,5
OG0003338,orthogroup,5,5
OG0003339,orthogroup,5,5
OG0003340,orthogroup,5,5
OG0003341,orthogroup,5,5
OG0003342,orthogroup,5,5
OG0003343,orthogroup,5,5
OG0003344,orthogroup,5,5
OG0003345,orthogroup,5,5
OG0003346,orthogroup,5,5
OG0003347,orthogroup,5,4
OG0003348,orthogroup,5,5
OG0003349,orthogroup,5,5
OG0003350,orthogroup,5,5
OG0003351,orthogroup,5,5
OG0003352,orthogroup,5,5
OG0003353,orthogroup,5,5
OG0003354,orthogroup,5,5
OG0003355,orthogroup,5,5
OG0003356,orthogroup,5,5
OG0003357,orthogroup,5,5
OG0003358,orthogroup,5,5
OG0003359,orthogroup,5,5
OG0003360,orthogroup,5,5
OG0003361,orthogroup,5,5
OG0003362,orthogroup,5,5
OG0003363,orthogroup,5,5
OG0003364,orthogroup,5,5
OG0003365,orthogroup,5,5
OG0003366,orthogroup,5,5
OG0003367,orthogroup,5,5
OG0003368,orthogroup,5,5
OG0003369,orthogroup,5,4
OG0003370,orthogroup,5,5
OG0003371,orthogroup,5,5
OG0003372,orthogroup,5,5
OG0003373,orthogroup,5,5
OG0003374,orthogroup,5,5
OG0003375,orthogroup,5,5
OG0003376,orthogroup,5,5
OG0003377,orthogroup,5,5
OG0003378,orthogroup,5,5
OG0003379,orthogroup,5,5
OG0003380,orthogroup,5,5
OG0003381,orthogroup,5,5
OG0003382,orthogroup,5,5
OG0003383,orthogroup,5,5
OG0003384,orthogroup,5,5
OG0003385,orthogroup,5,5
OG0003386,orthogroup,5,5
OG0003387,orthogroup,5,5
OG0003388,orthogroup,5,5
OG0003389,orthogroup,5,5
OG0003390,orthogroup,5,5
OG0003391,orthogroup,5,5
OG0003392,orthogroup,5,5
OG0003393,orthogroup,5,5
OG0003394,orthogroup,5,5
OG0003395,orthogroup,5,5
OG0003396,orthogroup,5,5
OG0003397,orthogroup,5,4
OG0003398,orthogroup,5,5
OG0003399,orthogroup,5,5
OG0003400,orthogroup,5,5
OG0003401,orthogroup,5,5
OG0003402,orthogroup,5,5
OG0003403,orthogroup,5,5
OG0003404,orthogroup,5,5
OG0003405,orthogroup,5,5
OG0003406,orthogroup,5,5
OG0003407,orthogroup,5,5
OG0003408,orthogroup,5,5
OG0003409,orthogroup,5,3
OG0003410,orthogroup,5,4
OG0003411,orthogroup,5,5
OG0003412,orthogroup,5,5
OG0003413,orthogroup,5,5
OG0003414,orthogroup,5,5
OG0003415,orthogroup,5,5
OG0003416,orthogroup,5,5
OG0003417,orthogroup,5,5
OG0003418,orthogroup,5,5
OG0003419,orthogroup,5,5
OG0003420,orthogroup,5,5
OG0003421,orthogroup,5,5
OG0003422,orthogroup,5,5
OG0003423,orthogroup,5,5
OG0003424,orthogroup,5,5
OG0003425,orthogroup,5,5
OG0003426,orthogroup,5,5
OG0003427,orthogroup,5,5
OG0003428,orthogroup,5,5
OG0003429,orthogroup,5,5
OG0003430,orthogroup,5,5
OG0003431,orthogroup,5,3
OG0003432,orthogroup,5,5
OG0003433,orthogroup,5,5
OG0003434,orthogroup,5,5
OG0003435,orthogroup,5,5
OG0003436,orthogroup,5,5
OG0003437,orthogroup,5,5
OG0003438,orthogroup,5,5
OG0003439,orthogroup,5,5
OG0003440,orthogroup,5,5
OG0003441,orthogroup,5,5
OG0003442,orthogroup,5,5
OG0003443,orthogroup,5,5
OG0003444,orthogroup,5,5
OG0003445,orthogroup,5,5
OG0003446,orthogroup,5,5
OG0003447,orthogroup,5,5
OG0003448,orthogroup,5,5
OG0003449,orthogroup,5,5
OG0003450,orthogroup,5,5
OG0003451,orthogroup,5,5
OG0003452,orthogroup,5,5
OG0003453,orthogroup,5,5
OG0003454,orthogroup,5,5
OG0003455,orthogroup,5,5
OG0003456,orthogroup,5,5
OG0003457,orthogroup,5,5
OG0003458,orthogroup,5,5
OG0003459,orthogroup,5,5
OG0003460,orthogroup,5,5
OG0003461,orthogroup,5,5
OG0003462,orthogroup,5,5
OG0003463,orthogroup,5,5
OG0003464,orthogroup,5,5
OG0003465,orthogroup,5,3
OG0003466,orthogroup,5,5
OG0003467,orthogroup,5,5
OG0003468,orthogroup,5,5
OG0003469,orthogroup,5,5
OG0003470,orthogroup,5,5
OG0003471,orthogroup,5,3
OG0003472,orthogroup,5,4
OG0003473,orthogroup,5,3
OG0003474,orthogroup,5,4
OG0003475,orthogroup,5,4
OG0003476,orthogroup,5,5
OG0003477,orthogroup,5,5
OG0003478,orthogroup,5,4
OG0003479,orthogroup,5,3
OG0003480,orthogroup,5,5
OG0003481,orthogroup,5,5
OG0003482,orthogroup,5,3
OG0003483,orthogroup,5,5
OG0003484,orthogroup,5,4
OG0003485,orthogroup,5,5
OG0003486,orthogroup,5,5
OG0003487,orthogroup,5,5
OG0003488,orthogroup,5,5
OG0003489,orthogroup,5,4
OG0003490,orthogroup,5,5
OG0003491,orthogroup,5,5
OG0003492,orthogroup,5,5
OG0003493,orthogroup,5,4
OG0003494,orthogroup,5,5
OG0003495,orthogroup,5,5
OG0003496,orthogroup,5,5
OG0003497,orthogroup,5,5
OG0003498,orthogroup,5,4
OG0003499,orthogroup,5,3
OG0003500,orthogroup,5,3
OG0003501,orthogroup,5,3
OG0003502,orthogroup,5,3
OG0003503,orthogroup,5,3
OG0003504,orthogroup,5,3
OG0003505,orthogroup,5,2
OG0003506,orthogroup,4,4
OG0003507,orthogroup,4,3
OG0003508,orthogroup,4,4
OG0003509,orthogroup,4,4
OG0003510,orthogroup,4,4
OG0003511,orthogroup,4,4
OG0003512,orthogroup,4,4
OG0003513,orthogroup,4,4
OG0003514,orthogroup,4,4
OG0003515,orthogroup,4,3
OG0003516,orthogroup,4,4
OG0003517,orthogroup,4,4
OG0003518,orthogroup,4,3
OG0003519,orthogroup,4,4
OG0003520,orthogroup,4,3
OG0003521,orthogroup,4,4
OG0003522,orthogroup,4,4
OG0003523,orthogroup,4,4
OG0003524,orthogroup,4,4
OG0003525,orthogroup,4,4
OG0003526,orthogroup,4,2
OG0003527,orthogroup,4,3
OG0003528,orthogroup,4,4
OG0003529,orthogroup,4,4
OG0003530,orthogroup,4,4
OG0003531,orthogroup,4,4
OG0003532,orthogroup,4,4
OG0003533,orthogroup,4,4
OG0003534,orthogroup,4,4
OG0003535,orthogroup,4,4
OG0003536,orthogroup,4,4
OG0003537,orthogroup,4,3
OG0003538,orthogroup,4,4
OG0003539,orthogroup,4,4
OG0003540,orthogroup,4,4
OG0003541,orthogroup,4,4
OG0003542,orthogroup,4,4
OG0003543,orthogroup,4,4
OG0003544,orthogroup,4,4
OG0003545,orthogroup,4,4
OG0003546,orthogroup,4,4
OG0003547,orthogroup,4,4
OG0003548,orthogroup,4,4
OG0003549,orthogroup,4,3
OG0003550,orthogroup,4,4
OG0003551,orthogroup,4,4
OG0003552,orthogroup,4,4
OG0003553,orthogroup,4,4
OG0003554,orthogroup,4,4
OG0003555,orthogroup,4,4
OG0003556,orthogroup,4,2
OG0003557,orthogroup,4,4
OG0003558,orthogroup,4,3
OG0003559,orthogroup,4,3
OG0003560,orthogroup,4,2
OG0003561,orthogroup,4,4
OG0003562,orthogroup,4,4
OG0003563,orthogroup,4,4
OG0003564,orthogroup,4,4
OG0003565,orthogroup,4,4
OG0003566,orthogroup,4,3
OG0003567,orthogroup,4,4
OG0003568,orthogroup,4,3
OG0003569,orthogroup,4,4
OG0003570,orthogroup,4,4
OG0003571,orthogroup,4,4
OG0003572,orthogroup,4,4
OG0003573,orthogroup,4,4
OG0003574,orthogroup,4,4
OG0003575,orthogroup,4,4
OG0003576,orthogroup,4,4
OG0003577,orthogroup,4,4
OG0003578,orthogroup,4,4
OG0003579,orthogroup,4,3
OG0003580,orthogroup,4,4
OG0003581,orthogroup,4,4
OG0003582,orthogroup,4,4
OG0003583,orthogroup,4,4
OG0003584,orthogroup,4,4
OG0003585,orthogroup,4,4
OG0003586,orthogroup,4,4
OG0003587,orthogroup,4,4
OG0003588,orthogroup,4,4
OG0003589,orthogroup,4,4
OG0003590,orthogroup,4,4
OG0003591,orthogroup,4,4
OG0003592,orthogroup,4,4
OG0003593,orthogroup,4,3
OG0003594,orthogroup,4,4
OG0003595,orthogroup,4,3
OG0003596,orthogroup,4,3
OG0003597,orthogroup,4,4
OG0003598,orthogroup,4,3
OG0003599,orthogroup,4,4
OG0003600,orthogroup,4,4
OG0003601,orthogroup,4,4
OG0003602,orthogroup,4,4
OG0003603,orthogroup,4,4
OG0003604,orthogroup,4,4
OG0003605,orthogroup,4,4
OG0003606,orthogroup,4,4
OG0003607,orthogroup,4,4
OG0003608,orthogroup,4,4
OG0003609,orthogroup,4,4
OG0003610,orthogroup,4,4
OG0003611,orthogroup,4,4
OG0003612,orthogroup,4,4
OG0003613,orthogroup,4,4
OG0003614,orthogroup,4,4
OG0003615,orthogroup,4,4
OG0003616,orthogroup,4,4
OG0003617,orthogroup,4,4
OG0003618,orthogroup,4,4
OG0003619,orthogroup,4,4
OG0003620,orthogroup,4,4
OG0003621,orthogroup,4,4
OG0003622,orthogroup,4,4
OG0003623,orthogroup,4,4
OG0003624,orthogroup,4,4
OG0003625,orthogroup,4,4
OG0003626,orthogroup,4,4
OG0003627,orthogroup,4,4
OG0003628,orthogroup,4,4
OG0003629,orthogroup,4,4
OG0003630,orthogroup,4,4
OG0003631,orthogroup,4,3
OG0003632,orthogroup,4,4
OG0003633,orthogroup,4,4
OG0003634,orthogroup,4,4
OG0003635,orthogroup,4,3
OG0003636,orthogroup,4,4
OG0003637,orthogroup,4,4
OG0003638,orthogroup,4,4
OG0003639,orthogroup,4,4
OG0003640,orthogroup,4,4
OG0003641,orthogroup,4,4
OG0003642,orthogroup,4,3
OG0003643,orthogroup,4,3
OG0003644,orthogroup,4,4
OG0003645,orthogroup,4,4
OG0003646,orthogroup,4,4
OG0003647,orthogroup,4,4
OG0003648,orthogroup,4,4
OG0003649,orthogroup,4,4
OG0003650,orthogroup,4,4
OG0003651,orthogroup,4,4
OG0003652,orthogroup,4,4
OG0003653,orthogroup,4,4
OG0003654,orthogroup,4,4
OG0003655,orthogroup,4,4
OG0003656,orthogroup,4,3
OG0003657,orthogroup,4,4
OG0003658,orthogroup,4,4
OG0003659,orthogroup,4,3
OG0003660,orthogroup,4,4
OG0003661,orthogroup,4,4
OG0003662,orthogroup,4,3
OG0003663,orthogroup,4,4
OG0003664,orthogroup,4,4
OG0003665,orthogroup,4,4
OG0003666,orthogroup,4,4
OG0003667,orthogroup,4,4
OG0003668,orthogroup,4,4
OG0003669,orthogroup,4,4
OG0003670,orthogroup,4,4
OG0003671,orthogroup,4,4
OG0003672,orthogroup,4,4
OG0003673,orthogroup,4,4
OG0003674,orthogroup,4,4
OG0003675,orthogroup,4,4
OG0003676,orthogroup,4,4
OG0003677,orthogroup,4,4
OG0003678,orthogroup,4,4
OG0003679,orthogroup,4,4
OG0003680,orthogroup,4,4
OG0003681,orthogroup,4,3
OG0003682,orthogroup,4,4
OG0003683,orthogroup,4,4
OG0003684,orthogroup,4,2
OG0003685,orthogroup,4,4
OG0003686,orthogroup,4,4
OG0003687,orthogroup,4,4
OG0003688,orthogroup,4,4
OG0003689,orthogroup,4,4
OG0003690,orthogroup,4,3
OG0003691,orthogroup,4,4
OG0003692,orthogroup,4,4
OG0003693,orthogroup,4,4
OG0003694,orthogroup,4,4
OG0003695,orthogroup,4,2
OG0003696,orthogroup,4,4
OG0003697,orthogroup,4,4
OG0003698,orthogroup,4,4
OG0003699,orthogroup,4,4
OG0003700,orthogroup,4,4
OG0003701,orthogroup,4,4
OG0003702,orthogroup,4,4
OG0003703,orthogroup,4,3
OG0003704,orthogroup,4,3
OG0003705,orthogroup,4,4
OG0003706,orthogroup,4,4
OG0003707,orthogroup,4,4
OG0003708,orthogroup,4,4
OG0003709,orthogroup,4,4
OG0003710,orthogroup,4,4
OG0003711,orthogroup,4,4
OG0003712,orthogroup,4,4
OG0003713,orthogroup,4,4
OG0003714,orthogroup,4,4
OG0003715,orthogroup,4,4
OG0003716,orthogroup,4,4
OG0003717,orthogroup,4,4
OG0003718,orthogroup,4,4
OG0003719,orthogroup,4,4
OG0003720,orthogroup,4,4
OG0003721,orthogroup,4,3
OG0003722,orthogroup,4,3
OG0003723,orthogroup,4,4
OG0003724,orthogroup,4,4
OG0003725,orthogroup,4,4
OG0003726,orthogroup,4,3
OG0003727,orthogroup,4,4
OG0003728,orthogroup,4,4
OG0003729,orthogroup,4,3
OG0003730,orthogroup,4,4
OG0003731,orthogroup,4,4
OG0003732,orthogroup,4,3
OG0003733,orthogroup,4,3
OG0003734,orthogroup,4,4
OG0003735,orthogroup,4,3
OG0003736,orthogroup,4,4
OG0003737,orthogroup,4,4
OG0003738,orthogroup,4,3
OG0003739,orthogroup,4,2
OG0003740,orthogroup,4,3
OG0003741,orthogroup,4,4
OG0003742,orthogroup,4,3
OG0003743,orthogroup,4,3
OG0003744,orthogroup,4,4
OG0003745,orthogroup,4,4
OG0003746,orthogroup,4,4
OG0003747,orthogroup,4,3
OG0003748,orthogroup,4,4
OG0003749,orthogroup,4,4
OG0003750,orthogroup,4,3
OG0003751,orthogroup,4,4
OG0003752,orthogroup,4,4
OG0003753,orthogroup,4,4
OG0003754,orthogroup,4,4
OG0003755,orthogroup,4,3
OG0003756,orthogroup,4,4
OG0003757,orthogroup,4,4
OG0003758,orthogroup,4,4
OG0003759,orthogroup,4,4
OG0003760,orthogroup,4,4
OG0003761,orthogroup,4,3
OG0003762,orthogroup,4,3
OG0003763,orthogroup,4,3
OG0003764,orthogroup,4,4
OG0003765,orthogroup,4,4
OG0003766,orthogroup,4,4
OG0003767,orthogroup,4,3
OG0003768,orthogroup,4,4
OG0003769,orthogroup,4,4
OG0003770,orthogroup,4,4
OG0003771,orthogroup,4,2
OG0003772,orthogroup,4,4
OG0003773,orthogroup,4,3
OG0003774,orthogroup,4,4
OG0003775,orthogroup,4,3
OG0003776,orthogroup,4,4
OG0003777,orthogroup,4,3
OG0003778,orthogroup,4,3
OG0003779,orthogroup,4,4
OG0003780,orthogroup,4,4
OG0003781,orthogroup,4,4
OG0003782,orthogroup,4,3
OG0003783,orthogroup,4,2
OG0003784,orthogroup,4,3
OG0003785,orthogroup,4,4
OG0003786,orthogroup,4,4
OG0003787,orthogroup,4,2
OG0003788,orthogroup,4,4
OG0003789,orthogroup,4,3
OG0003790,orthogroup,4,3
OG0003791,orthogroup,4,3
OG0003792,orthogroup,4,3
OG0003793,orthogroup,4,4
OG0003794,orthogroup,4,3
OG0003795,orthogroup,4,4
OG0003796,orthogroup,4,4
OG0003797,orthogroup,4,3
OG0003798,orthogroup,4,4
OG0003799,orthogroup,4,4
OG0003800,orthogroup,4,4
OG0003801,orthogroup,4,4
OG0003802,orthogroup,4,3
OG0003803,orthogroup,4,4
OG0003804,orthogroup,4,1
OG0003805,orthogroup,4,3
OG0003806,orthogroup,4,3
OG0003807,orthogroup,4,2
OG0003808,orthogroup,4,2
OG0003809,orthogroup,4,3
OG0003810,orthogroup,4,3
OG0003811,orthogroup,4,1
OG0003812,orthogroup,4,1
OG0003813,orthogroup,4,1
OG0003814,orthogroup,4,1
OG0003815,orthogroup,3,1
OG0003816,orthogroup,3,3
OG0003817,orthogroup,3,2
OG0003818,orthogroup,3,3
OG0003819,orthogroup,3,3
OG0003820,orthogroup,3,2
OG0003821,orthogroup,3,3
OG0003822,orthogroup,3,2
OG0003823,orthogroup,3,3
OG0003824,orthogroup,3,3
OG0003825,orthogroup,3,3
OG0003826,orthogroup,3,3
OG0003827,orthogroup,3,2
OG0003828,orthogroup,3,3
OG0003829,orthogroup,3,3
OG0003830,orthogroup,3,3
OG0003831,orthogroup,3,2
OG0003832,orthogroup,3,3
OG0003833,orthogroup,3,3
OG0003834,orthogroup,3,3
OG0003835,orthogroup,3,3
OG0003836,orthogroup,3,3
OG0003837,orthogroup,3,3
OG0003838,orthogroup,3,3
OG0003839,orthogroup,3,3
OG0003840,orthogroup,3,3
OG0003841,orthogroup,3,3
OG0003842,orthogroup,3,2
OG0003843,orthogroup,3,3
OG0003844,orthogroup,3,3
OG0003845,orthogroup,3,3
OG0003846,orthogroup,3,2
OG0003847,orthogroup,3,3
OG0003848,orthogroup,3,3
OG0003849,orthogroup,3,3
OG0003850,orthogroup,3,3
OG0003851,orthogroup,3,3
OG0003852,orthogroup,3,3
OG0003853,orthogroup,3,3
OG0003854,orthogroup,3,3
OG0003855,orthogroup,3,3
OG0003856,orthogroup,3,3
OG0003857,orthogroup,3,3
OG0003858,orthogroup,3,3
OG0003859,orthogroup,3,3
OG0003860,orthogroup,3,3
OG0003861,orthogroup,3,3
OG0003862,orthogroup,3,3
OG0003863,orthogroup,3,3
OG0003864,orthogroup,3,3
OG0003865,orthogroup,3,3
OG0003866,orthogroup,3,3
OG0003867,orthogroup,3,3
OG0003868,orthogroup,3,1
OG0003869,orthogroup,3,2
OG0003870,orthogroup,3,3
OG0003871,orthogroup,3,3
OG0003872,orthogroup,3,3
OG0003873,orthogroup,3,3
OG0003874,orthogroup,3,3
OG0003875,orthogroup,3,3
OG0003876,orthogroup,3,3
OG0003877,orthogroup,3,3
OG0003878,orthogroup,3,3
OG0003879,orthogroup,3,3
OG0003880,orthogroup,3,3
OG0003881,orthogroup,3,3
OG0003882,orthogroup,3,2
OG0003883,orthogroup,3,2
OG0003884,orthogroup,3,3
OG0003885,orthogroup,3,2
OG0003886,orthogroup,3,3
OG0003887,orthogroup,3,3
OG0003888,orthogroup,3,3
OG0003889,orthogroup,3,3
OG0003890,orthogroup,3,3
OG0003891,orthogroup,3,3
OG0003892,orthogroup,3,3
OG0003893,orthogroup,3,3
OG0003894,orthogroup,3,3
OG0003895,orthogroup,3,3
OG0003896,orthogroup,3,3
OG0003897,orthogroup,3,3
OG0003898,orthogroup,3,3
OG0003899,orthogroup,3,3
OG0003900,orthogroup,3,3
OG0003901,orthogroup,3,3
OG0003902,orthogroup,3,3
OG0003903,orthogroup,3,3
OG0003904,orthogroup,3,3
OG0003905,orthogroup,3,3
OG0003906,orthogroup,3,3
OG0003907,orthogroup,3,3
OG0003908,orthogroup,3,3
OG0003909,orthogroup,3,3
OG0003910,orthogroup,3,3
OG0003911,orthogroup,3,3
OG0003912,orthogroup,3,3
OG0003913,orthogroup,3,3
OG0003914,orthogroup,3,3
OG0003915,orthogroup,3,3
OG0003916,orthogroup,3,2
OG0003917,orthogroup,3,2
OG0003918,orthogroup,3,3
OG0003919,orthogroup,3,3
OG0003920,orthogroup,3,3
OG0003921,orthogroup,3,3
OG0003922,orthogroup,3,2
OG0003923,orthogroup,3,3
OG0003924,orthogroup,3,3
OG0003925,orthogroup,3,3
OG0003926,orthogroup,3,3
OG0003927,orthogroup,3,3
OG0003928,orthogroup,3,3
OG0003929,orthogroup,3,3
OG0003930,orthogroup,3,3
OG0003931,orthogroup,3,3
OG0003932,orthogroup,3,3
OG0003933,orthogroup,3,3
OG0003934,orthogroup,3,3
OG0003935,orthogroup,3,3
OG0003936,orthogroup,3,3
OG0003937,orthogroup,3,3
OG0003938,orthogroup,3,3
OG0003939,orthogroup,3,3
OG0003940,orthogroup,3,3
OG0003941,orthogroup,3,3
OG0003942,orthogroup,3,3
OG0003943,orthogroup,3,3
OG0003944,orthogroup,3,3
OG0003945,orthogroup,3,3
OG0003946,orthogroup,3,3
OG0003947,orthogroup,3,3
OG0003948,orthogroup,3,3
OG0003949,orthogroup,3,3
OG0003950,orthogroup,3,3
OG0003951,orthogroup,3,3
OG0003952,orthogroup,3,3
OG0003953,orthogroup,3,3
OG0003954,orthogroup,3,3
OG0003955,orthogroup,3,3
OG0003956,orthogroup,3,3
OG0003957,orthogroup,3,3
OG0003958,orthogroup,3,3
OG0003959,orthogroup,3,3
OG0003960,orthogroup,3,3
OG0003961,orthogroup,3,2
OG0003962,orthogroup,3,3
OG0003963,orthogroup,3,3
OG0003964,orthogroup,3,3
OG0003965,orthogroup,3,3
OG0003966,orthogroup,3,3
OG0003967,orthogroup,3,3
OG0003968,orthogroup,3,3
OG0003969,orthogroup,3,3
OG0003970,orthogroup,3,3
OG0003971,orthogroup,3,2
OG0003972,orthogroup,3,3
OG0003973,orthogroup,3,3
OG0003974,orthogroup,3,3
OG0003975,orthogroup,3,3
OG0003976,orthogroup,3,3
OG0003977,orthogroup,3,3
OG0003978,orthogroup,3,3
OG0003979,orthogroup,3,3
OG0003980,orthogroup,3,3
OG0003981,orthogroup,3,3
OG0003982,orthogroup,3,3
OG0003983,orthogroup,3,3
OG0003984,orthogroup,3,3
OG0003985,orthogroup,3,3
OG0003986,orthogroup,3,3
OG0003987,orthogroup,3,3
OG0003988,orthogroup,3,3
OG0003989,orthogroup,3,2
OG0003990,orthogroup,3,3
OG0003991,orthogroup,3,3
OG0003992,orthogroup,3,3
OG0003993,orthogroup,3,3
OG0003994,orthogroup,3,2
OG0003995,orthogroup,3,3
OG0003996,orthogroup,3,3
OG0003997,orthogroup,3,3
OG0003998,orthogroup,3,3
OG0003999,orthogroup,3,3
OG0004000,orthogroup,3,3
OG0004001,orthogroup,3,3
OG0004002,orthogroup,3,3
OG0004003,orthogroup,3,3
OG0004004,orthogroup,3,3
OG0004005,orthogroup,3,3
OG0004006,orthogroup,3,3
OG0004007,orthogroup,3,3
OG0004008,orthogroup,3,3
OG0004009,orthogroup,3,3
OG0004010,orthogroup,3,3
OG0004011,orthogroup,3,3
OG0004012,orthogroup,3,3
OG0004013,orthogroup,3,3
OG0004014,orthogroup,3,3
OG0004015,orthogroup,3,3
OG0004016,orthogroup,3,3
OG0004017,orthogroup,3,3
OG0004018,orthogroup,3,3
OG0004019,orthogroup,3,3
OG0004020,orthogroup,3,3
OG0004021,orthogroup,3,2
OG0004022,orthogroup,3,2
OG0004023,orthogroup,3,3
OG0004024,orthogroup,3,3
OG0004025,orthogroup,3,3
OG0004026,orthogroup,3,3
OG0004027,orthogroup,3,3
OG0004028,orthogroup,3,3
OG0004029,orthogroup,3,3
OG0004030,orthogroup,3,3
OG0004031,orthogroup,3,3
OG0004032,orthogroup,3,3
OG0004033,orthogroup,3,3
OG0004034,orthogroup,3,3
OG0004035,orthogroup,3,3
OG0004036,orthogroup,3,3
OG0004037,orthogroup,3,3
OG0004038,orthogroup,3,3
OG0004039,orthogroup,3,3
OG0004040,orthogroup,3,3
OG0004041,orthogroup,3,3
OG0004042,orthogroup,3,3
OG0004043,orthogroup,3,3
OG0004044,orthogroup,3,3
OG0004045,orthogroup,3,3
OG0004046,orthogroup,3,3
OG0004047,orthogroup,3,3
OG0004048,orthogroup,3,3
OG0004049,orthogroup,3,3
OG0004050,orthogroup,3,3
OG0004051,orthogroup,3,3
OG0004052,orthogroup,3,2
OG0004053,orthogroup,3,2
OG0004054,orthogroup,3,3
OG0004055,orthogroup,3,3
OG0004056,orthogroup,3,3
OG0004057,orthogroup,3,1
OG0004058,orthogroup,3,3
OG0004059,orthogroup,3,3
OG0004060,orthogroup,3,3
OG0004061,orthogroup,3,3
OG0004062,orthogroup,3,3
OG0004063,orthogroup,3,3
OG0004064,orthogroup,3,3
OG0004065,orthogroup,3,3
OG0004066,orthogroup,3,2
OG0004067,orthogroup,3,3
OG0004068,orthogroup,3,3
OG0004069,orthogroup,3,3
OG0004070,orthogroup,3,3
OG0004071,orthogroup,3,3
OG0004072,orthogroup,3,3
OG0004073,orthogroup,3,3
OG0004074,orthogroup,3,3
OG0004075,orthogroup,3,3
OG0004076,orthogroup,3,3
OG0004077,orthogroup,3,3
OG0004078,orthogroup,3,3
OG0004079,orthogroup,3,2
OG0004080,orthogroup,3,3
OG0004081,orthogroup,3,3
OG0004082,orthogroup,3,3
OG0004083,orthogroup,3,2
OG0004084,orthogroup,3,2
OG0004085,orthogroup,3,3
OG0004086,orthogroup,3,3
OG0004087,orthogroup,3,3
OG0004088,orthogroup,3,3
OG0004089,orthogroup,3,3
OG0004090,orthogroup,3,3
OG0004091,orthogroup,3,3
OG0004092,orthogroup,3,3
OG0004093,orthogroup,3,3
OG0004094,orthogroup,3,3
OG0004095,orthogroup,3,3
OG0004096,orthogroup,3,3
OG0004097,orthogroup,3,3
OG0004098,orthogroup,3,3
OG0004099,orthogroup,3,3
OG0004100,orthogroup,3,3
OG0004101,orthogroup,3,3
OG0004102,orthogroup,3,3
OG0004103,orthogroup,3,3
OG0004104,orthogroup,3,3
OG0004105,orthogroup,3,2
OG0004106,orthogroup,3,3
OG0004107,orthogroup,3,3
OG0004108,orthogroup,3,3
OG0004109,orthogroup,3,3
OG0004110,orthogroup,3,3
OG0004111,orthogroup,3,3
OG0004112,orthogroup,3,3
OG0004113,orthogroup,3,3
OG0004114,orthogroup,3,2
OG0004115,orthogroup,3,3
OG0004116,orthogroup,3,3
OG0004117,orthogroup,3,3
OG0004118,orthogroup,3,3
OG0004119,orthogroup,3,2
OG0004120,orthogroup,3,3
OG0004121,orthogroup,3,3
OG0004122,orthogroup,3,3
OG0004123,orthogroup,3,3
OG0004124,orthogroup,3,3
OG0004125,orthogroup,3,3
OG0004126,orthogroup,3,3
OG0004127,orthogroup,3,3
OG0004128,orthogroup,3,3
OG0004129,orthogroup,3,3
OG0004130,orthogroup,3,3
OG0004131,orthogroup,3,3
OG0004132,orthogroup,3,1
OG0004133,orthogroup,3,3
OG0004134,orthogroup,3,3
OG0004135,orthogroup,3,3
OG0004136,orthogroup,3,3
OG0004137,orthogroup,3,3
OG0004138,orthogroup,3,3
OG0004139,orthogroup,3,3
OG0004140,orthogroup,3,3
OG0004141,orthogroup,3,3
OG0004142,orthogroup,3,3
OG0004143,orthogroup,3,3
OG0004144,orthogroup,3,2
OG0004145,orthogroup,3,3
OG0004146,orthogroup,3,3
OG0004147,orthogroup,3,3
OG0004148,orthogroup,3,3
OG0004149,orthogroup,3,3
OG0004150,orthogroup,3,3
OG0004151,orthogroup,3,3
OG0004152,orthogroup,3,3
OG0004153,orthogroup,3,3
OG0004154,orthogroup,3,3
OG0004155,orthogroup,3,3
OG0004156,orthogroup,3,3
OG0004157,orthogroup,3,3
OG0004158,orthogroup,3,3
OG0004159,orthogroup,3,3
OG0004160,orthogroup,3,3
OG0004161,orthogroup,3,3
OG0004162,orthogroup,3,3
OG0004163,orthogroup,3,2
OG0004164,orthogroup,3,3
OG0004165,orthogroup,3,3
OG0004166,orthogroup,3,3
OG0004167,orthogroup,3,3
OG0004168,orthogroup,3,3
OG0004169,orthogroup,3,3
OG0004170,orthogroup,3,3
OG0004171,orthogroup,3,3
OG0004172,orthogroup,3,3
OG0004173,orthogroup,3,2
OG0004174,orthogroup,3,3
OG0004175,orthogroup,3,3
OG0004176,orthogroup,3,3
OG0004177,orthogroup,3,3
OG0004178,orthogroup,3,3
OG0004179,orthogroup,3,3
OG0004180,orthogroup,3,3
OG0004181,orthogroup,3,3
OG0004182,orthogroup,3,3
OG0004183,orthogroup,3,3
OG0004184,orthogroup,3,2
OG0004185,orthogroup,3,2
OG0004186,orthogroup,3,3
OG0004187,orthogroup,3,3
OG0004188,orthogroup,3,3
OG0004189,orthogroup,3,3
OG0004190,orthogroup,3,3
OG0004191,orthogroup,3,3
OG0004192,orthogroup,3,3
OG0004193,orthogroup,3,3
OG0004194,orthogroup,3,3
OG0004195,orthogroup,3,3
OG0004196,orthogroup,3,3
OG0004197,orthogroup,3,3
OG0004198,orthogroup,3,3
OG0004199,orthogroup,3,3
OG0004200,orthogroup,3,3
OG0004201,orthogroup,3,3
OG0004202,orthogroup,3,3
OG0004203,orthogroup,3,2
OG0004204,orthogroup,3,3
OG0004205,orthogroup,3,3
OG0004206,orthogroup,3,3
OG0004207,orthogroup,3,3
OG0004208,orthogroup,3,2
OG0004209,orthogroup,3,3
OG0004210,orthogroup,3,3
OG0004211,orthogroup,3,3
OG0004212,orthogroup,3,3
OG0004213,orthogroup,3,2
OG0004214,orthogroup,3,3
OG0004215,orthogroup,3,3
OG0004216,orthogroup,3,3
OG0004217,orthogroup,3,3
OG0004218,orthogroup,3,3
OG0004219,orthogroup,3,3
OG0004220,orthogroup,3,3
OG0004221,orthogroup,3,3
OG0004222,orthogroup,3,3
OG0004223,orthogroup,3,2
OG0004224,orthogroup,3,3
OG0004225,orthogroup,3,3
OG0004226,orthogroup,3,3
OG0004227,orthogroup,3,3
OG0004228,orthogroup,3,3
OG0004229,orthogroup,3,3
OG0004230,orthogroup,3,3
OG0004231,orthogroup,3,3
OG0004232,orthogroup,3,2
OG0004233,orthogroup,3,2
OG0004234,orthogroup,3,2
OG0004235,orthogroup,3,2
OG0004236,orthogroup,3,3
OG0004237,orthogroup,3,3
OG0004238,orthogroup,3,2
OG0004239,orthogroup,3,2
OG0004240,orthogroup,3,2
OG0004241,orthogroup,3,3
OG0004242,orthogroup,3,2
OG0004243,orthogroup,3,2
OG0004244,orthogroup,3,1
OG0004245,orthogroup,3,2
OG0004246,orthogroup,3,2
OG0004247,orthogroup,3,3
OG0004248,orthogroup,3,3
OG0004249,orthogroup,3,2
OG0004250,orthogroup,3,3
OG0004251,orthogroup,3,3
OG0004252,orthogroup,3,2
OG0004253,orthogroup,3,3
OG0004254,orthogroup,3,3
OG0004255,orthogroup,3,2
OG0004256,orthogroup,3,3
OG0004257,orthogroup,3,3
OG0004258,orthogroup,3,3
OG0004259,orthogroup,3,2
OG0004260,orthogroup,3,3
OG0004261,orthogroup,3,3
OG0004262,orthogroup,3,2
OG0004263,orthogroup,3,2
OG0004264,orthogroup,3,2
OG0004265,orthogroup,3,2
OG0004266,orthogroup,3,3
OG0004267,orthogroup,3,3
OG0004268,orthogroup,3,2
OG0004269,orthogroup,3,3
OG0004270,orthogroup,3,2
OG0004271,orthogroup,3,2
OG0004272,orthogroup,3,1
OG0004273,orthogroup,3,1
OG0004274,orthogroup,3,2
OG0004275,orthogroup,3,1
OG0004276,orthogroup,3,1
OG0004277,orthogroup,3,1
OG0004278,orthogroup,3,1
OG0004279,orthogroup,3,1
OG0004280,orthogroup,3,1
OG0004281,orthogroup,3,2
OG0004282,orthogroup,3,2
OG0004283,orthogroup,3,1
OG0004284,orthogroup,3,1
OG0004285,orthogroup,3,1
OG0004286,orthogroup,3,1
OG0004287,orthogroup,3,1
OG0004288,orthogroup,3,1
OG0004289,orthogroup,3,1
OG0004290,orthogroup,3,1
OG0004291,orthogroup,3,1
OG0004292,orthogroup,3,1
OG0004293,orthogroup,3,1
OG0004294,orthogroup,3,1
OG0004295,orthogroup,3,1
OG0004296,orthogroup,3,1
OG0004297,orthogroup,3,1
OG0004298,orthogroup,3,1
OG0004299,orthogroup,3,1
OG0004300,orthogroup,3,1
OG0004301,orthogroup,3,1
OG0004302,orthogroup,3,1
OG0004303,orthogroup,3,1
OG0004304,orthogroup,3,1
OG0004305,orthogroup,3,1
OG0004306,orthogroup,3,1
OG0004307,orthogroup,3,1
OG0004308,orthogroup,3,1
OG0004309,orthogroup,2,2
OG0004310,orthogroup,2,2
OG0004311,orthogroup,2,1
OG0004312,orthogroup,2,2
OG0004313,orthogroup,2,2
OG0004314,orthogroup,2,2
OG0004315,orthogroup,2,2
OG0004316,orthogroup,2,2
OG0004317,orthogroup,2,2
OG0004318,orthogroup,2,2
OG0004319,orthogroup,2,2
OG0004320,orthogroup,2,2
OG0004321,orthogroup,2,2
OG0004322,orthogroup,2,2
OG0004323,orthogroup,2,1
OG0004324,orthogroup,2,2
OG0004325,orthogroup,2,2
OG0004326,orthogroup,2,2
OG0004327,orthogroup,2,2
OG0004328,orthogroup,2,2
OG0004329,orthogroup,2,2
OG0004330,orthogroup,2,2
OG0004331,orthogroup,2,2
OG0004332,orthogroup,2,2
OG0004333,orthogroup,2,2
OG0004334,orthogroup,2,2
OG0004335,orthogroup,2,2
OG0004336,orthogroup,2,2
OG0004337,orthogroup,2,2
OG0004338,orthogroup,2,2
OG0004339,orthogroup,2,2
OG0004340,orthogroup,2,2
OG0004341,orthogroup,2,2
OG0004342,orthogroup,2,2
OG0004343,orthogroup,2,2
OG0004344,orthogroup,2,2
OG0004345,orthogroup,2,2
OG0004346,orthogroup,2,2
OG0004347,orthogroup,2,2
OG0004348,orthogroup,2,2
OG0004349,orthogroup,2,2
OG0004350,orthogroup,2,2
OG0004351,orthogroup,2,2
OG0004352,orthogroup,2,2
OG0004353,orthogroup,2,2
OG0004354,orthogroup,2,2
OG0004355,orthogroup,2,2
OG0004356,orthogroup,2,2
OG0004357,orthogroup,2,2
OG0004358,orthogroup,2,2
OG0004359,orthogroup,2,2
OG0004360,orthogroup,2,2
OG0004361,orthogroup,2,2
OG0004362,orthogroup,2,2
OG0004363,orthogroup,2,2
OG0004364,orthogroup,2,2
OG0004365,orthogroup,2,2
OG0004366,orthogroup,2,2
OG0004367,orthogroup,2,2
OG0004368,orthogroup,2,2
OG0004369,orthogroup,2,2
OG0004370,orthogroup,2,2
OG0004371,orthogroup,2,2
OG0004372,orthogroup,2,2
OG0004373,orthogroup,2,2
OG0004374,orthogroup,2,2
OG0004375,orthogroup,2,2
OG0004376,orthogroup,2,2
OG0004377,orthogroup,2,2
OG0004378,orthogroup,2,2
OG0004379,orthogroup,2,2
OG0004380,orthogroup,2,2
OG0004381,orthogroup,2,2
OG0004382,orthogroup,2,2
OG0004383,orthogroup,2,2
OG0004384,orthogroup,2,2
OG0004385,orthogroup,2,2
OG0004386,orthogroup,2,1
OG0004387,orthogroup,2,1
OG0004388,orthogroup,2,2
OG0004389,orthogroup,2,2
OG0004390,orthogroup,2,2
OG0004391,orthogroup,2,2
OG0004392,orthogroup,2,2
OG0004393,orthogroup,2,2
OG0004394,orthogroup,2,2
OG0004395,orthogroup,2,2
OG0004396,orthogroup,2,2
OG0004397,orthogroup,2,2
OG0004398,orthogroup,2,2
OG0004399,orthogroup,2,2
OG0004400,orthogroup,2,2
OG0004401,orthogroup,2,2
OG0004402,orthogroup,2,2
OG0004403,orthogroup,2,2
OG0004404,orthogroup,2,2
OG0004405,orthogroup,2,2
OG0004406,orthogroup,2,2
OG0004407,orthogroup,2,2
OG0004408,orthogroup,2,2
OG0004409,orthogroup,2,2
OG0004410,orthogroup,2,2
OG0004411,orthogroup,2,2
OG0004412,orthogroup,2,2
OG0004413,orthogroup,2,2
OG0004414,orthogroup,2,2
OG0004415,orthogroup,2,2
OG0004416,orthogroup,2,2
OG0004417,orthogroup,2,2
OG0004418,orthogroup,2,2
OG0004419,orthogroup,2,2
OG0004420,orthogroup,2,2
OG0004421,orthogroup,2,2
OG0004422,orthogroup,2,2
OG0004423,orthogroup,2,2
OG0004424,orthogroup,2,2
OG0004425,orthogroup,2,2
OG0004426,orthogroup,2,2
OG0004427,orthogroup,2,2
OG0004428,orthogroup,2,2
OG0004429,orthogroup,2,2
OG0004430,orthogroup,2,2
OG0004431,orthogroup,2,2
OG0004432,orthogroup,2,2
OG0004433,orthogroup,2,2
OG0004434,orthogroup,2,2
OG0004435,orthogroup,2,2
OG0004436,orthogroup,2,2
OG0004437,orthogroup,2,2
OG0004438,orthogroup,2,2
OG0004439,orthogroup,2,2
OG0004440,orthogroup,2,2
OG0004441,orthogroup,2,2
OG0004442,orthogroup,2,2
OG0004443,orthogroup,2,2
OG0004444,orthogroup,2,2
OG0004445,orthogroup,2,2
OG0004446,orthogroup,2,2
OG0004447,orthogroup,2,2
OG0004448,orthogroup,2,2
OG0004449,orthogroup,2,1
OG0004450,orthogroup,2,2
OG0004451,orthogroup,2,2
OG0004452,orthogroup,2,2
OG0004453,orthogroup,2,2
OG0004454,orthogroup,2,2
OG0004455,orthogroup,2,2
OG0004456,orthogroup,2,2
OG0004457,orthogroup,2,2
OG0004458,orthogroup,2,2
OG0004459,orthogroup,2,2
OG0004460,orthogroup,2,2
OG0004461,orthogroup,2,2
OG0004462,orthogroup,2,2
OG0004463,orthogroup,2,2
OG0004464,orthogroup,2,2
OG0004465,orthogroup,2,2
OG0004466,orthogroup,2,2
OG0004467,orthogroup,2,2
OG0004468,orthogroup,2,2
OG0004469,orthogroup,2,2
OG0004470,orthogroup,2,2
OG0004471,orthogroup,2,2
OG0004472,orthogroup,2,2
OG0004473,orthogroup,2,2
OG0004474,orthogroup,2,2
OG0004475,orthogroup,2,2
OG0004476,orthogroup,2,2
OG0004477,orthogroup,2,2
OG0004478,orthogroup,2,2
OG0004479,orthogroup,2,2
OG0004480,orthogroup,2,2
OG0004481,orthogroup,2,2
OG0004482,orthogroup,2,2
OG0004483,orthogroup,2,2
OG0004484,orthogroup,2,2
OG0004485,orthogroup,2,2
OG0004486,orthogroup,2,2
OG0004487,orthogroup,2,2
OG0004488,orthogroup,2,2
OG0004489,orthogroup,2,2
OG0004490,orthogroup,2,2
OG0004491,orthogroup,2,2
OG0004492,orthogroup,2,2
OG0004493,orthogroup,2,2
OG0004494,orthogroup,2,2
OG0004495,orthogroup,2,2
OG0004496,orthogroup,2,2
OG0004497,orthogroup,2,2
OG0004498,orthogroup,2,2
OG0004499,orthogroup,2,2
OG0004500,orthogroup,2,2
OG0004501,orthogroup,2,2
OG0004502,orthogroup,2,2
OG0004503,orthogroup,2,2
OG0004504,orthogroup,2,2
OG0004505,orthogroup,2,2
OG0004506,orthogroup,2,2
OG0004507,orthogroup,2,2
OG0004508,orthogroup,2,2
OG0004509,orthogroup,2,2
OG0004510,orthogroup,2,2
OG0004511,orthogroup,2,2
OG0004512,orthogroup,2,2
OG0004513,orthogroup,2,2
OG0004514,orthogroup,2,2
OG0004515,orthogroup,2,2
OG0004516,orthogroup,2,2
OG0004517,orthogroup,2,1
OG0004518,orthogroup,2,2
OG0004519,orthogroup,2,2
OG0004520,orthogroup,2,2
OG0004521,orthogroup,2,1
OG0004522,orthogroup,2,1
OG0004523,orthogroup,2,2
OG0004524,orthogroup,2,2
OG0004525,orthogroup,2,2
OG0004526,orthogroup,2,2
OG0004527,orthogroup,2,2
OG0004528,orthogroup,2,1
OG0004529,orthogroup,2,2
OG0004530,orthogroup,2,1
OG0004531,orthogroup,2,2
OG0004532,orthogroup,2,2
OG0004533,orthogroup,2,1
OG0004534,orthogroup,2,2
OG0004535,orthogroup,2,2
OG0004536,orthogroup,2,2
OG0004537,orthogroup,2,2
OG0004538,orthogroup,2,2
OG0004539,orthogroup,2,1
OG0004540,orthogroup,2,2
OG0004541,orthogroup,2,2
OG0004542,orthogroup,2,2
OG0004543,orthogroup,2,2
OG0004544,orthogroup,2,2
OG0004545,orthogroup,2,2
OG0004546,orthogroup,2,2
OG0004547,orthogroup,2,2
OG0004548,orthogroup,2,2
OG0004549,orthogroup,2,2
OG0004550,orthogroup,2,2
OG0004551,orthogroup,2,2
OG0004552,orthogroup,2,2
OG0004553,orthogroup,2,2
OG0004554,orthogroup,2,2
OG0004555,orthogroup,2,2
OG0004556,orthogroup,2,2
OG0004557,orthogroup,2,2
OG0004558,orthogroup,2,1
OG0004559,orthogroup,2,2
OG0004560,orthogroup,2,1
OG0004561,orthogroup,2,2
OG0004562,orthogroup,2,2
OG0004563,orthogroup,2,2
OG0004564,orthogroup,2,2
OG0004565,orthogroup,2,1
OG0004566,orthogroup,2,2
OG0004567,orthogroup,2,2
OG0004568,orthogroup,2,2
OG0004569,orthogroup,2,2
OG0004570,orthogroup,2,2
OG0004571,orthogroup,2,2
OG0004572,orthogroup,2,2
OG0004573,orthogroup,2,2
OG0004574,orthogroup,2,2
OG0004575,orthogroup,2,2
OG0004576,orthogroup,2,2
OG0004577,orthogroup,2,1
OG0004578,orthogroup,2,2
OG0004579,orthogroup,2,2
OG0004580,orthogroup,2,2
OG0004581,orthogroup,2,2
OG0004582,orthogroup,2,2
OG0004583,orthogroup,2,2
OG0004584,orthogroup,2,2
OG0004585,orthogroup,2,2
OG0004586,orthogroup,2,2
OG0004587,orthogroup,2,1
OG0004588,orthogroup,2,2
OG0004589,orthogroup,2,2
OG0004590,orthogroup,2,2
OG0004591,orthogroup,2,2
OG0004592,orthogroup,2,2
OG0004593,orthogroup,2,2
OG0004594,orthogroup,2,2
OG0004595,orthogroup,2,2
OG0004596,orthogroup,2,2
OG0004597,orthogroup,2,2
OG0004598,orthogroup,2,2
OG0004599,orthogroup,2,2
OG0004600,orthogroup,2,2
OG0004601,orthogroup,2,2
OG0004602,orthogroup,2,2
OG0004603,orthogroup,2,2
OG0004604,orthogroup,2,2
OG0004605,orthogroup,2,2
OG0004606,orthogroup,2,2
OG0004607,orthogroup,2,2
OG0004608,orthogroup,2,2
OG0004609,orthogroup,2,2
OG0004610,orthogroup,2,2
OG0004611,orthogroup,2,2
OG0004612,orthogroup,2,2
OG0004613,orthogroup,2,2
OG0004614,orthogroup,2,2
OG0004615,orthogroup,2,2
OG0004616,orthogroup,2,2
OG0004617,orthogroup,2,1
OG0004618,orthogroup,2,2
OG0004619,orthogroup,2,2
OG0004620,orthogroup,2,2
OG0004621,orthogroup,2,2
OG0004622,orthogroup,2,2
OG0004623,orthogroup,2,2
OG0004624,orthogroup,2,2
OG0004625,orthogroup,2,2
OG0004626,orthogroup,2,2
OG0004627,orthogroup,2,2
OG0004628,orthogroup,2,2
OG0004629,orthogroup,2,1
OG0004630,orthogroup,2,2
OG0004631,orthogroup,2,2
OG0004632,orthogroup,2,2
OG0004633,orthogroup,2,2
OG0004634,orthogroup,2,2
OG0004635,orthogroup,2,2
OG0004636,orthogroup,2,2
OG0004637,orthogroup,2,2
OG0004638,orthogroup,2,2
OG0004639,orthogroup,2,2
OG0004640,orthogroup,2,2
OG0004641,orthogroup,2,2
OG0004642,orthogroup,2,2
OG0004643,orthogroup,2,2
OG0004644,orthogroup,2,2
OG0004645,orthogroup,2,2
OG0004646,orthogroup,2,2
OG0004647,orthogroup,2,2
OG0004648,orthogroup,2,2
OG0004649,orthogroup,2,2
OG0004650,orthogroup,2,2
OG0004651,orthogroup,2,2
OG0004652,orthogroup,2,2
OG0004653,orthogroup,2,2
OG0004654,orthogroup,2,2
OG0004655,orthogroup,2,2
OG0004656,orthogroup,2,2
OG0004657,orthogroup,2,2
OG0004658,orthogroup,2,2
OG0004659,orthogroup,2,2
OG0004660,orthogroup,2,2
OG0004661,orthogroup,2,2
OG0004662,orthogroup,2,2
OG0004663,orthogroup,2,2
OG0004664,orthogroup,2,2
OG0004665,orthogroup,2,2
OG0004666,orthogroup,2,2
OG0004667,orthogroup,2,2
OG0004668,orthogroup,2,2
OG0004669,orthogroup,2,2
OG0004670,orthogroup,2,2
OG0004671,orthogroup,2,2
OG0004672,orthogroup,2,2
OG0004673,orthogroup,2,2
OG0004674,orthogroup,2,2
OG0004675,orthogroup,2,2
OG0004676,orthogroup,2,2
OG0004677,orthogroup,2,2
OG0004678,orthogroup,2,2
OG0004679,orthogroup,2,2
OG0004680,orthogroup,2,2
OG0004681,orthogroup,2,2
OG0004682,orthogroup,2,2
OG0004683,orthogroup,2,2
OG0004684,orthogroup,2,2
OG0004685,orthogroup,2,2
OG0004686,orthogroup,2,2
OG0004687,orthogroup,2,2
OG0004688,orthogroup,2,2
OG0004689,orthogroup,2,2
OG0004690,orthogroup,2,2
OG0004691,orthogroup,2,2
OG0004692,orthogroup,2,2
OG0004693,orthogroup,2,2
OG0004694,orthogroup,2,2
OG0004695,orthogroup,2,2
OG0004696,orthogroup,2,1
OG0004697,orthogroup,2,2
OG0004698,orthogroup,2,2
OG0004699,orthogroup,2,2
OG0004700,orthogroup,2,2
OG0004701,orthogroup,2,2
OG0004702,orthogroup,2,2
OG0004703,orthogroup,2,2
OG0004704,orthogroup,2,2
OG0004705,orthogroup,2,2
OG0004706,orthogroup,2,2
OG0004707,orthogroup,2,2
OG0004708,orthogroup,2,2
OG0004709,orthogroup,2,2
OG0004710,orthogroup,2,2
OG0004711,orthogroup,2,2
OG0004712,orthogroup,2,2
OG0004713,orthogroup,2,2
OG0004714,orthogroup,2,2
OG0004715,orthogroup,2,2
OG0004716,orthogroup,2,2
OG0004717,orthogroup,2,2
OG0004718,orthogroup,2,2
OG0004719,orthogroup,2,2
OG0004720,orthogroup,2,2
OG0004721,orthogroup,2,2
OG0004722,orthogroup,2,2
OG0004723,orthogroup,2,2
OG0004724,orthogroup,2,2
OG0004725,orthogroup,2,2
OG0004726,orthogroup,2,2
OG0004727,orthogroup,2,2
OG0004728,orthogroup,2,2
OG0004729,orthogroup,2,2
OG0004730,orthogroup,2,2
OG0004731,orthogroup,2,2
OG0004732,orthogroup,2,2
OG0004733,orthogroup,2,2
OG0004734,orthogroup,2,2
OG0004735,orthogroup,2,2
OG0004736,orthogroup,2,2
OG0004737,orthogroup,2,2
OG0004738,orthogroup,2,2
OG0004739,orthogroup,2,2
OG0004740,orthogroup,2,2
OG0004741,orthogroup,2,2
OG0004742,orthogroup,2,2
OG0004743,orthogroup,2,2
OG0004744,orthogroup,2,2
OG0004745,orthogroup,2,2
OG0004746,orthogroup,2,2
OG0004747,orthogroup,2,2
OG0004748,orthogroup,2,2
OG0004749,orthogroup,2,2
OG0004750,orthogroup,2,2
OG0004751,orthogroup,2,2
OG0004752,orthogroup,2,2
OG0004753,orthogroup,2,2
OG0004754,orthogroup,2,2
OG0004755,orthogroup,2,2
OG0004756,orthogroup,2,2
OG0004757,orthogroup,2,2
OG0004758,orthogroup,2,2
OG0004759,orthogroup,2,1
OG0004760,orthogroup,2,2
OG0004761,orthogroup,2,2
OG0004762,orthogroup,2,2
OG0004763,orthogroup,2,2
OG0004764,orthogroup,2,2
OG0004765,orthogroup,2,2
OG0004766,orthogroup,2,2
OG0004767,orthogroup,2,2
OG0004768,orthogroup,2,2
OG0004769,orthogroup,2,2
OG0004770,orthogroup,2,2
OG0004771,orthogroup,2,2
OG0004772,orthogroup,2,2
OG0004773,orthogroup,2,2
OG0004774,orthogroup,2,2
OG0004775,orthogroup,2,2
OG0004776,orthogroup,2,2
OG0004777,orthogroup,2,2
OG0004778,orthogroup,2,2
OG0004779,orthogroup,2,2
OG0004780,orthogroup,2,1
OG0004781,orthogroup,2,2
OG0004782,orthogroup,2,2
OG0004783,orthogroup,2,2
OG0004784,orthogroup,2,2
OG0004785,orthogroup,2,2
OG0004786,orthogroup,2,2
OG0004787,orthogroup,2,2
OG0004788,orthogroup,2,2
OG0004789,orthogroup,2,2
OG0004790,orthogroup,2,2
OG0004791,orthogroup,2,2
OG0004792,orthogroup,2,2
OG0004793,orthogroup,2,2
OG0004794,orthogroup,2,2
OG0004795,orthogroup,2,2
OG0004796,orthogroup,2,2
OG0004797,orthogroup,2,2
OG0004798,orthogroup,2,2
OG0004799,orthogroup,2,2
OG0004800,orthogroup,2,2
OG0004801,orthogroup,2,1
OG0004802,orthogroup,2,2
OG0004803,orthogroup,2,2
OG0004804,orthogroup,2,2
OG0004805,orthogroup,2,2
OG0004806,orthogroup,2,2
OG0004807,orthogroup,2,2
OG0004808,orthogroup,2,2
OG0004809,orthogroup,2,2
OG0004810,orthogroup,2,2
OG0004811,orthogroup,2,2
OG0004812,orthogroup,2,2
OG0004813,orthogroup,2,2
OG0004814,orthogroup,2,2
OG0004815,orthogroup,2,2
OG0004816,orthogroup,2,2
OG0004817,orthogroup,2,2
OG0004818,orthogroup,2,2
OG0004819,orthogroup,2,2
OG0004820,orthogroup,2,2
OG0004821,orthogroup,2,2
OG0004822,orthogroup,2,2
OG0004823,orthogroup,2,2
OG0004824,orthogroup,2,2
OG0004825,orthogroup,2,2
OG0004826,orthogroup,2,2
OG0004827,orthogroup,2,2
OG0004828,orthogroup,2,2
OG0004829,orthogroup,2,2
OG0004830,orthogroup,2,2
OG0004831,orthogroup,2,2
OG0004832,orthogroup,2,2
OG0004833,orthogroup,2,2
OG0004834,orthogroup,2,2
OG0004835,orthogroup,2,2
OG0004836,orthogroup,2,2
OG0004837,orthogroup,2,2
OG0004838,orthogroup,2,2
OG0004839,orthogroup,2,2
OG0004840,orthogroup,2,2
OG0004841,orthogroup,2,2
OG0004842,orthogroup,2,2
OG0004843,orthogroup,2,2
OG0004844,orthogroup,2,2
OG0004845,orthogroup,2,2
OG0004846,orthogroup,2,2
OG0004847,orthogroup,2,1
OG0004848,orthogroup,2,2
OG0004849,orthogroup,2,2
OG0004850,orthogroup,2,2
OG0004851,orthogroup,2,2
OG0004852,orthogroup,2,2
OG0004853,orthogroup,2,2
OG0004854,orthogroup,2,2
OG0004855,orthogroup,2,2
OG0004856,orthogroup,2,2
OG0004857,orthogroup,2,2
OG0004858,orthogroup,2,2
OG0004859,orthogroup,2,2
OG0004860,orthogroup,2,2
OG0004861,orthogroup,2,2
OG0004862,orthogroup,2,2
OG0004863,orthogroup,2,2
OG0004864,orthogroup,2,2
OG0004865,orthogroup,2,2
OG0004866,orthogroup,2,2
OG0004867,orthogroup,2,2
OG0004868,orthogroup,2,2
OG0004869,orthogroup,2,2
OG0004870,orthogroup,2,2
OG0004871,orthogroup,2,2
OG0004872,orthogroup,2,2
OG0004873,orthogroup,2,2
OG0004874,orthogroup,2,2
OG0004875,orthogroup,2,1
OG0004876,orthogroup,2,2
OG0004877,orthogroup,2,1
OG0004878,orthogroup,2,1
OG0004879,orthogroup,2,1
OG0004880,orthogroup,2,1
OG0004881,orthogroup,2,2
OG0004882,orthogroup,2,1
OG0004883,orthogroup,2,1
OG0004884,orthogroup,2,1
OG0004885,orthogroup,2,1
OG0004886,orthogroup,2,1
OG0004887,orthogroup,2,1
OG0004888,orthogroup,2,1
OG0004889,orthogroup,2,2
OG0004890,orthogroup,2,2
OG0004891,orthogroup,2,2
OG0004892,orthogroup,2,1
OG0004893,orthogroup,2,1
OG0004894,orthogroup,2,1
OG0004895,orthogroup,2,1
OG0004896,orthogroup,2,1
OG0004897,orthogroup,2,1
OG0004898,orthogroup,2,1
OG0004899,orthogroup,2,1
OG0004900,orthogroup,2,1
OG0004901,orthogroup,2,1
OG0004902,orthogroup,2,2
OG0004903,orthogroup,2,2
OG0004904,orthogroup,2,2
OG0004905,orthogroup,2,2
OG0004906,orthogroup,2,1
OG0004907,orthogroup,2,1
OG0004908,orthogroup,2,1
OG0004909,orthogroup,2,2
OG0004910,orthogroup,2,1
OG0004911,orthogroup,2,1
OG0004912,orthogroup,2,1
OG0004913,orthogroup,2,1
OG0004914,orthogroup,2,1
OG0004915,orthogroup,2,1
OG0004916,orthogroup,2,1
OG0004917,orthogroup,2,2
OG0004918,orthogroup,2,1
OG0004919,orthogroup,2,2
OG0004920,orthogroup,2,2
OG0004921,orthogroup,2,1
OG0004922,orthogroup,2,1
OG0004923,orthogroup,2,2
OG0004924,orthogroup,2,2
OG0004925,orthogroup,2,1
OG0004926,orthogroup,2,1
OG0004927,orthogroup,2,1
OG0004928,orthogroup,2,1
OG0004929,orthogroup,2,1
OG0004930,orthogroup,2,1
OG0004931,orthogroup,2,1
OG0004932,orthogroup,2,1
OG0004933,orthogroup,2,1
OG0004934,orthogroup,2,1
OG0004935,unassigned,1,1
OG0004936,unassigned,1,1
OG0004937,unassigned,1,1
OG0004938,unassigned,1,1
OG0004939,unassigned,1,1
OG0004940,unassigned,1,1
OG0004941,unassigned,1,1
OG0004942,unassigned,1,1
OG0004943,unassigned,1,1
OG0004944,unassigned,1,1
OG0004945,unassigned,1,1
OG0004946,unassigned,1,1
OG0004947,unassigned,1,1
OG0004948,unassigned,1,1
OG0004949,unassigned,1,1
OG0004950,unassigned,1,1
OG0004951,unassigned,1,1
OG0004952,unassigned,1,1
OG0004953,unassigned,1,1
OG0004954,unassigned,1,1
OG0004955,unassigned,1,1
OG0004956,unassigned,1,1
OG0004957,unassigned,1,1
OG0004958,unassigned,1,1
OG0004959,unassigned,1,1
OG0004960,unassigned,1,1
OG0004961,unassigned,1,1
OG0004962,unassigned,1,1
OG0004963,unassigned,1,1
OG0004964,unassigned,1,1
OG0004965,unassigned,1,1
OG0004966,unassigned,1,1
OG0004967,unassigned,1,1
OG0004968,unassigned,1,1
OG0004969,unassigned,1,1
OG0004970,unassigned,1,1
OG0004971,unassigned,1,1
OG0004972,unassigned,1,1
OG0004973,unassigned,1,1
OG0004974,unassigned,1,1
OG0004975,unassigned,1,1
OG0004976,unassigned,1,1
OG0004977,unassigned,1,1
OG0004978,unassigned,1,1
OG0004979,unassigned,1,1
OG0004980,unassigned,1,1
OG0004981,unassigned,1,1
OG0004982,unassigned,1,1
OG0004983,unassigned,1,1
OG0004984,unassigned,1,1
OG0004985,unassigned,1,1
OG0004986,unassigned,1,1
OG0004987,unassigned,1,1
OG0004988,unassigned,1,1
OG0004989,unassigned,1,1
OG0004990,unassigned,1,1
OG0004991,unassigned,1,1
OG0004992,unassigned,1,1
OG0004993,unassigned,1,1
OG0004994,unassigned,1,1
OG0004995,unassigned,1,1
OG0004996,unassigned,1,1
OG0004997,unassigned,1,1
OG0004998,unassigned,1,1
OG0004999,unassigned,1,1
OG0005000,unassigned,1,1
OG0005001,unassigned,1,1
OG0005002,unassigned,1,1
OG0005003,unassigned,1,1
OG0005004,unassigned,1,1
OG0005005,unassigned,1,1
OG0005006,unassigned,1,1
OG0005007,unassigned,1,1
OG0005008,unassigned,1,1
OG0005009,unassigned,1,1
OG0005010,unassigned,1,1
OG0005011,unassigned,1,1
OG0005012,unassigned,1,1
OG0005013,unassigned,1,1
OG0005014,unassigned,1,1
OG0005015,unassigned,1,1
OG0005016,unassigned,1,1
OG0005017,unassigned,1,1
OG0005018,unassigned,1,1
OG0005019,unassigned,1,1
OG0005020,unassigned,1,1
OG0005021,unassigned,1,1
OG0005022,unassigned,1,1
OG0005023,unassigned,1,1
OG0005024,unassigned,1,1
OG0005025,unassigned,1,1
OG0005026,unassigned,1,1
OG0005027,unassigned,1,1
OG0005028,unassigned,1,1
OG0005029,unassigned,1,1
OG0005030,unassigned,1,1
OG0005031,unassigned,1,1
OG0005032,unassigned,1,1
OG0005033,unassigned,1,1
OG0005034,unassigned,1,1
OG0005035,unassigned,1,1
OG0005036,unassigned,1,1
OG0005037,unassigned,1,1
OG0005038,unassigned,1,1
OG0005039,unassigned,1,1
OG0005040,unassigned,1,1
OG0005041,unassigned,1,1
OG0005042,unassigned,1,1
OG0005043,unassigned,1,1
OG0005044,unassigned,1,1
OG0005045,unassigned,1,1
OG0005046,unassigned,1,1
OG0005047,unassigned,1,1
OG0005048,unassigned,1,1
OG0005049,unassigned,1,1
OG0005050,unassigned,1,1
OG0005051,unassigned,1,1
OG0005052,unassigned,1,1
OG0005053,unassigned,1,1
OG0005054,unassigned,1,1
OG0005055,unassigned,1,1
OG0005056,unassigned,1,1
OG0005057,unassigned,1,1
OG0005058,unassigned,1,1
OG0005059,unassigned,1,1
OG0005060,unassigned,1,1
OG0005061,unassigned,1,1
OG0005062,unassigned,1,1
OG0005063,unassigned,1,1
OG0005064,unassigned,1,1
OG0005065,unassigned,1,1
OG0005066,unassigned,1,1
OG0005067,unassigned,1,1
OG0005068,unassigned,1,1
OG0005069,unassigned,1,1
OG0005070,unassigned,1,1
OG0005071,unassigned,1,1
OG0005072,unassigned,1,1
OG0005073,unassigned,1,1
OG0005074,unassigned,1,1
OG0005075,unassigned,1,1
OG0005076,unassigned,1,1
OG0005077,unassigned,1,1
OG0005078,unassigned,1,1
OG0005079,unassigned,1,1
OG0005080,unassigned,1,1
OG0005081,unassigned,1,1
OG0005082,unassigned,1,1
OG0005083,unassigned,1,1
OG0005084,unassigned,1,1
OG0005085,unassigned,1,1
OG0005086,unassigned,1,1
OG0005087,unassigned,1,1
OG0005088,unassigned,1,1
OG0005089,unassigned,1,1
OG0005090,unassigned,1,1
OG0005091,unassigned,1,1
OG0005092,unassigned,1,1
OG0005093,unassigned,1,1
OG0005094,unassigned,1,1
OG0005095,unassigned,1,1
OG0005096,unassigned,1,1
OG0005097,unassigned,1,1
OG0005098,unassigned,1,1
OG0005099,unassigned,1,1
OG0005100,unassigned,1,1
OG0005101,unassigned,1,1
OG0005102,unassigned,1,1
OG0005103,unassigned,1,1
OG0005104,unassigned,1,1
OG0005105,unassigned,1,1
OG0005106,unassigned,1,1
OG0005107,unassigned,1,1
OG0005108,unassigned,1,1
OG0005109,unassigned,1,1
OG0005110,unassigned,1,1
OG0005111,unassigned,1,1
OG0005112,unassigned,1,1
OG0005113,unassigned,1,1
OG0005114,unassigned,1,1
OG0005115,unassigned,1,1
OG0005116,unassigned,1,1
OG0005117,unassigned,1,1
OG0005118,unassigned,1,1
OG0005119,unassigned,1,1
OG0005120,unassigned,1,1
OG0005121,unassigned,1,1
OG0005122,unassigned,1,1
OG0005123,unassigned,1,1
OG0005124,unassigned,1,1
OG0005125,unassigned,1,1
OG0005126,unassigned,1,1
OG0005127,unassigned,1,1
OG0005128,unassigned,1,1
OG0005129,unassigned,1,1
OG0005130,unassigned,1,1
OG0005131,unassigned,1,1
OG0005132,unassigned,1,1
OG0005133,unassigned,1,1
OG0005134,unassigned,1,1
OG0005135,unassigned,1,1
OG0005136,unassigned,1,1
OG0005137,unassigned,1,1
OG0005138,unassigned,1,1
OG0005139,unassigned,1,1
OG0005140,unassigned,1,1
OG0005141,unassigned,1,1
OG0005142,unassigned,1,1
OG0005143,unassigned,1,1
OG0005144,unassigned,1,1
OG0005145,unassigned,1,1
OG0005146,unassigned,1,1
OG0005147,unassigned,1,1
OG0005148,unassigned,1,1
OG0005149,unassigned,1,1
OG0005150,unassigned,1,1
OG0005151,unassigned,1,1
OG0005152,unassigned,1,1
OG0005153,unassigned,1,1
OG0005154,unassigned,1,1
OG0005155,unassigned,1,1
OG0005156,unassigned,1,1
OG0005157,unassigned,1,1
OG0005158,unassigned,1,1
OG0005159,unassigned,1,1
OG0005160,unassigned,1,1
OG0005161,unassigned,1,1
OG0005162,unassigned,1,1
OG0005163,unassigned,1,1
OG0005164,unassigned,1,1
OG0005165,unassigned,1,1
OG0005166,unassigned,1,1
OG0005167,unassigned,1,1
OG0005168,unassigned,1,1
OG0005169,unassigned,1,1
OG0005170,unassigned,1,1
OG0005171,unassigned,1,1
OG0005172,unassigned,1,1
OG0005173,unassigned,1,1
OG0005174,unassigned,1,1
OG0005175,unassigned,1,1
OG0005176,unassigned,1,1
OG0005177,unassigned,1,1
OG0005178,unassigned,1,1
OG0005179,unassigned,1,1
OG0005180,unassigned,1,1
OG0005181,unassigned,1,1
OG0005182,unassigned,1,1
OG0005183,unassigned,1,1
OG0005184,unassigned,1,1
OG0005185,unassigned,1,1
OG0005186,unassigned,1,1
OG0005187,unassigned,1,1
OG0005188,unassigned,1,1
OG0005189,unassigned,1,1
OG0005190,unassigned,1,1
OG0005191,unassigned,1,1
OG0005192,unassigned,1,1
OG0005193,unassigned,1,1
OG0005194,unassigned,1,1
OG0005195,unassigned,1,1
OG0005196,unassigned,1,1
OG0005197,unassigned,1,1
OG0005198,unassigned,1,1
OG0005199,unassigned,1,1
OG0005200,unassigned,1,1
OG0005201,unassigned,1,1
OG0005202,unassigned,1,1
OG0005203,unassigned,1,1
OG0005204,unassigned,1,1
OG0005205,unassigned,1,1
OG0005206,unassigned,1,1
OG0005207,unassigned,1,1
OG0005208,unassigned,1,1
OG0005209,unassigned,1,1
OG0005210,unassigned,1,1
OG0005211,unassigned,1,1
OG0005212,unassigned,1,1
OG0005213,unassigned,1,1
OG0005214,unassigned,1,1
OG0005215,unassigned,1,1
OG0005216,unassigned,1,1
OG0005217,unassigned,1,1
OG0005218,unassigned,1,1
OG0005219,unassigned,1,1
OG0005220,unassigned,1,1
OG0005221,unassigned,1,1
OG0005222,unassigned,1,1
OG0005223,unassigned,1,1
OG0005224,unassigned,1,1
OG0005225,unassigned,1,1
OG0005226,unassigned,1,1
OG0005227,unassigned,1,1
OG0005228,unassigned,1,1
OG0005229,unassigned,1,1
OG0005230,unassigned,1,1
OG0005231,unassigned,1,1
OG0005232,unassigned,1,1
OG0005233,unassigned,1,1
OG0005234,unassigned,1,1
OG0005235,unassigned,1,1
OG0005236,unassigned,1,1
OG0005237,unassigned,1,1
OG0005238,unassigned,1,1
OG0005239,unassigned,1,1
OG0005240,unassigned,1,1
OG0005241,unassigned,1,1
OG0005242,unassigned,1,1
OG0005243,unassigned,1,1
OG0005244,unassigned,1,1
OG0005245,unassigned,1,1
OG0005246,unassigned,1,1
OG0005247,unassigned,1,1
OG0005248,unassigned,1,1
OG0005249,unassigned,1,1
OG0005250,unassigned,1,1
OG0005251,unassigned,1,1
OG0005252,unassigned,1,1
OG0005253,unassigned,1,1
OG0005254,unassigned,1,1
OG0005255,unassigned,1,1
OG0005256,unassigned,1,1
OG0005257,unassigned,1,1
OG0005258,unassigned,1,1
OG0005259,unassigned,1,1
OG0005260,unassigned,1,1
OG0005261,unassigned,1,1
OG0005262,unassigned,1,1
OG0005263,unassigned,1,1
OG0005264,unassigned,1,1
OG0005265,unassigned,1,1
OG0005266,unassigned,1,1
OG0005267,unassigned,1,1
OG0005268,unassigned,1,1
OG0005269,unassigned,1,1
OG0005270,unassigned,1,1
OG0005271,unassigned,1,1
OG0005272,unassigned,1,1
OG0005273,unassigned,1,1
OG0005274,unassigned,1,1
OG0005275,unassigned,1,1
OG0005276,unassigned,1,1
OG0005277,unassigned,1,1
OG0005278,unassigned,1,1
OG0005279,unassigned,1,1
OG0005280,unassigned,1,1
OG0005281,unassigned,1,1
OG0005282,unassigned,1,1
OG0005283,unassigned,1,1
OG0005284,unassigned,1,1
OG0005285,unassigned,1,1
OG0005286,unassigned,1,1
OG0005287,unassigned,1,1
OG0005288,unassigned,1,1
OG0005289,unassigned,1,1
OG0005290,unassigned,1,1
OG0005291,unassigned,1,1
OG0005292,unassigned,1,1
OG0005293,unassigned,1,1
OG0005294,unassigned,1,1
OG0005295,unassigned,1,1
OG0005296,unassigned,1,1
OG0005297,unassigned,1,1
OG0005298,unassigned,1,1
OG0005299,unassigned,1,1
OG0005300,unassigned,1,1
OG0005301,unassigned,1,1
OG0005302,unassigned,1,1
OG0005303,unassigned,1,1
OG0005304,unassigned,1,1
OG0005305,unassigned,1,1
OG0005306,unassigned,1,1
OG0005307,unassigned,1,1
OG0005308,unassigned,1,1
OG0005309,unassigned,1,1
OG0005310,unassigned,1,1
OG0005311,unassigned,1,1
OG0005312,unassigned,1,1
OG0005313,unassigned,1,1
OG0005314,unassigned,1,1
OG0005315,unassigned,1,1
OG0005316,unassigned,1,1
OG0005317,unassigned,1,1
OG0005318,unassigned,1,1
OG0005319,unassigned,1,1
OG0005320,unassigned,1,1
OG0005321,unassigned,1,1
OG0005322,unassigned,1,1
OG0005323,unassigned,1,1
OG0005324,unassigned,1,1
OG0005325,unassigned,1,1
OG0005326,unassigned,1,1
OG0005327,unassigned,1,1
OG0005328,unassigned,1,1
OG0005329,unassigned,1,1
OG0005330,unassigned,1,1
OG0005331,unassigned,1,1
OG0005332,unassigned,1,1
OG0005333,unassigned,1,1
OG0005334,unassigned,1,1
OG0005335,unassigned,1,1
OG0005336,unassigned,1,1
OG0005337,unassigned,1,1
OG0005338,unassigned,1,1
OG0005339,unassigned,1,1
OG0005340,unassigned,1,1
OG0005341,unassigned,1,1
OG0005342,unassigned,1,1
OG0005343,unassigned,1,1
OG0005344,unassigned,1,1
OG0005345,unassigned,1,1
OG0005346,unassigned,1,1
OG0005347,unassigned,1,1
OG0005348,unassigned,1,1
OG0005349,unassigned,1,1
OG0005350,unassigned,1,1
OG0005351,unassigned,1,1
OG0005352,unassigned,1,1
OG0005353,unassigned,1,1
OG0005354,unassigned,1,1
OG0005355,unassigned,1,1
OG0005356,unassigned,1,1
OG0005357,unassigned,1,1
OG0005358,unassigned,1,1
OG0005359,unassigned,1,1
OG0005360,unassigned,1,1
OG0005361,unassigned,1,1
OG0005362,unassigned,1,1
OG0005363,unassigned,1,1
OG0005364,unassigned,1,1
OG0005365,unassigned,1,1
OG0005366,unassigned,1,1
OG0005367,unassigned,1,1
OG0005368,unassigned,1,1
OG0005369,unassigned,1,1
OG0005370,unassigned,1,1
OG0005371,unassigned,1,1
OG0005372,unassigned,1,1
OG0005373,unassigned,1,1
OG0005374,unassigned,1,1
OG0005375,unassigned,1,1
OG0005376,unassigned,1,1
OG0005377,unassigned,1,1
OG0005378,unassigned,1,1
OG0005379,unassigned,1,1
OG0005380,unassigned,1,1
OG0005381,unassigned,1,1
OG0005382,unassigned,1,1
OG0005383,unassigned,1,1
OG0005384,unassigned,1,1
OG0005385,unassigned,1,1
OG0005386,unassigned,1,1
OG0005387,unassigned,1,1
OG0005388,unassigned,1,1
OG0005389,unassigned,1,1
OG0005390,unassigned,1,1
OG0005391,unassigned,1,1
OG0005392,unassigned,1,1
OG0005393,unassigned,1,1
OG0005394,unassigned,1,1
OG0005395,unassigned,1,1
OG0005396,unassigned,1,1
OG0005397,unassigned,1,1
OG0005398,unassigned,1,1
OG0005399,unassigned,1,1
OG0005400,unassigned,1,1
OG0005401,unassigned,1,1
OG0005402,unassigned,1,1
OG0005403,unassigned,1,1
OG0005404,unassigned,1,1
OG0005405,unassigned,1,1
OG0005406,unassigned,1,1
OG0005407,unassigned,1,1
OG0005408,unassigned,1,1
OG0005409,unassigned,1,1
OG0005410,unassigned,1,1
OG0005411,unassigned,1,1
OG0005412,unassigned,1,1
OG0005413,unassigned,1,1
OG0005414,unassigned,1,1
OG0005415,unassigned,1,1
OG0005416,unassigned,1,1
OG0005417,unassigned,1,1
OG0005418,unassigned,1,1
OG0005419,unassigned,1,1
OG0005420,unassigned,1,1
OG0005421,unassigned,1,1
OG0005422,unassigned,1,1
OG0005423,unassigned,1,1
OG0005424,unassigned,1,1
OG0005425,unassigned,1,1
OG0005426,unassigned,1,1
OG0005427,unassigned,1,1
OG0005428,unassigned,1,1
OG0005429,unassigned,1,1
OG0005430,unassigned,1,1
OG0005431,unassigned,1,1
OG0005432,unassigned,1,1
OG0005433,unassigned,1,1
OG0005434,unassigned,1,1
OG0005435,unassigned,1,1
OG0005436,unassigned,1,1
OG0005437,unassigned,1,1
OG0005438,unassigned,1,1
OG0005439,unassigned,1,1
OG0005440,unassigned,1,1
OG0005441,unassigned,1,1
OG0005442,unassigned,1,1
OG0005443,unassigned,1,1
OG0005444,unassigned,1,1
OG0005445,unassigned,1,1
OG0005446,unassigned,1,1
OG0005447,unassigned,1,1
OG0005448,unassigned,1,1
OG0005449,unassigned,1,1
OG0005450,unassigned,1,1
OG0005451,unassigned,1,1
OG0005452,unassigned,1,1
OG0005453,unassigned,1,1
OG0005454,unassigned,1,1
OG0005455,unassigned,1,1
OG0005456,unassigned,1,1
OG0005457,unassigned,1,1
OG0005458,unassigned,1,1
OG0005459,unassigned,1,1
OG0005460,unassigned,1,1
OG0005461,unassigned,1,1
OG0005462,unassigned,1,1
OG0005463,unassigned,1,1
OG0005464,unassigned,1,1
OG0005465,unassigned,1,1
OG0005466,unassigned,1,1
OG0005467,unassigned,1,1
OG0005468,unassigned,1,1
OG0005469,unassigned,1,1
OG0005470,unassigned,1,1
OG0005471,unassigned,1,1
OG0005472,unassigned,1,1
OG0005473,unassigned,1,1
OG0005474,unassigned,1,1
OG0005475,unassigned,1,1
OG0005476,unassigned,1,1
OG0005477,unassigned,1,1
OG0005478,unassigned,1,1
OG0005479,unassigned,1,1
OG0005480,unassigned,1,1
OG0005481,unassigned,1,1
OG0005482,unassigned,1,1
OG0005483,unassigned,1,1
OG0005484,unassigned,1,1
OG0005485,unassigned,1,1
OG0005486,unassigned,1,1
OG0005487,unassigned,1,1
OG0005488,unassigned,1,1
OG0005489,unassigned,1,1
OG0005490,unassigned,1,1
OG0005491,unassigned,1,1
OG0005492,unassigned,1,1
OG0005493,unassigned,1,1
OG0005494,unassigned,1,1
OG0005495,unassigned,1,1
OG0005496,unassigned,1,1
OG0005497,unassigned,1,1
OG0005498,unassigned,1,1
OG0005499,unassigned,1,1
OG0005500,unassigned,1,1
OG0005501,unassigned,1,1
OG0005502,unassigned,1,1
OG0005503,unassigned,1,1
OG0005504,unassigned,1,1
OG0005505,unassigned,1,1
OG0005506,unassigned,1,1
OG0005507,unassigned,1,1
OG0005508,unassigned,1,1
OG0005509,unassigned,1,1
OG0005510,unassigned,1,1
OG0005511,unassigned,1,1
OG0005512,unassigned,1,1
OG0005513,unassigned,1,1
OG0005514,unassigned,1,1
OG0005515,unassigned,1,1
OG0005516,unassigned,1,1
OG0005517,unassigned,1,1
OG0005518,unassigned,1,1
OG0005519,unassigned,1,1
OG0005520,unassigned,1,1
OG0005521,unassigned,1,1
OG0005522,unassigned,1,1
OG0005523,unassigned,1,1
OG0005524,unassigned,1,1
OG0005525,unassigned,1,1
OG0005526,unassigned,1,1
OG0005527,unassigned,1,1
OG0005528,unassigned,1,1
OG0005529,unassigned,1,1
OG0005530,unassigned,1,1
OG0005531,unassigned,1,1
OG0005532,unassigned,1,1
OG0005533,unassigned,1,1
OG0005534,unassigned,1,1
OG0005535,unassigned,1,1
OG0005536,unassigned,1,1
OG0005537,unassigned,1,1
OG0005538,unassigned,1,1
OG0005539,unassigned,1,1
OG0005540,unassigned,1,1
OG0005541,unassigned,1,1
OG0005542,unassigned,1,1
OG0005543,unassigned,1,1
OG0005544,unassigned,1,1
OG0005545,unassigned,1,1
OG0005546,unassigned,1,1
OG0005547,unassigned,1,1
OG0005548,unassigned,1,1
OG0005549,unassigned,1,1
OG0005550,unassigned,1,1
OG0005551,unassigned,1,1
OG0005552,unassigned,1,1
OG0005553,unassigned,1,1
OG0005554,unassigned,1,1
OG0005555,unassigned,1,1
OG0005556,unassigned,1,1
OG0005557,unassigned,1,1
OG0005558,unassigned,1,1
OG0005559,unassigned,1,1
OG0005560,unassigned,1,1
OG0005561,unassigned,1,1
OG0005562,unassigned,1,1
OG0005563,unassigned,1,1
OG0005564,unassigned,1,1
OG0005565,unassigned,1,1
OG0005566,unassigned,1,1
OG0005567,unassigned,1,1
OG0005568,unassigned,1,1
OG0005569,unassigned,1,1
OG0005570,unassigned,1,1
OG0005571,unassigned,1,1
OG0005572,unassigned,1,1
OG0005573,unassigned,1,1
OG0005574,unassigned,1,1
OG0005575,unassigned,1,1
OG0005576,unassigned,1,1
OG0005577,unassigned,1,1
OG0005578,unassigned,1,1
OG0005579,unassigned,1,1
OG0005580,unassigned,1,1
OG0005581,unassigned,1,1
OG0005582,unassigned,1,1
OG0005583,unassigned,1,1
OG0005584,unassigned,1,1
OG0005585,unassigned,1,1
OG0005586,unassigned,1,1
OG0005587,unassigned,1,1
OG0005588,unassigned,1,1
OG0005589,unassigned,1,1
OG0005590,unassigned,1,1
OG0005591,unassigned,1,1
OG0005592,unassigned,1,1
OG0005593,unassigned,1,1
OG0005594,unassigned,1,1
OG0005595,unassigned,1,1
OG0005596,unassigned,1,1
OG0005597,unassigned,1,1
OG0005598,unassigned,1,1
OG0005599,unassigned,1,1
OG0005600,unassigned,1,1
OG0005601,unassigned,1,1
OG0005602,unassigned,1,1
OG0005603,unassigned,1,1
OG0005604,unassigned,1,1
OG0005605,unassigned,1,1
OG0005606,unassigned,1,1
OG0005607,unassigned,1,1
OG0005608,unassigned,1,1
OG0005609,unassigned,1,1
OG0005610,unassigned,1,1
OG0005611,unassigned,1,1
OG0005612,unassigned,1,1
OG0005613,unassigned,1,1
OG0005614,unassigned,1,1
OG0005615,unassigned,1,1
OG0005616,unassigned,1,1
OG0005617,unassigned,1,1
OG0005618,unassigned,1,1
OG0005619,unassigned,1,1
OG0005620,unassigned,1,1
OG0005621,unassigned,1,1
OG0005622,unassigned,1,1
OG0005623,unassigned,1,1
OG0005624,unassigned,1,1
OG0005625,unassigned,1,1
OG0005626,unassigned,1,1
OG0005627,unassigned,1,1
OG0005628,unassigned,1,1
OG0005629,unassigned,1,1
OG0005630,unassigned,1,1
OG0005631,unassigned,1,1
OG0005632,unassigned,1,1
OG0005633,unassigned,1,1
OG0005634,unassigned,1,1
OG0005635,unassigned,1,1
OG0005636,unassigned,1,1
OG0005637,unassigned,1,1
OG0005638,unassigned,1,1
OG0005639,unassigned,1,1
OG0005640,unassigned,1,1
OG0005641,unassigned,1,1
OG0005642,unassigned,1,1
OG0005643,unassigned,1,1
OG0005644,unassigned,1,1
OG0005645,unassigned,1,1
OG0005646,unassigned,1,1
OG0005647,unassigned,1,1
OG0005648,unassigned,1,1
OG0005649,unassigned,1,1
OG0005650,unassigned,1,1
OG0005651,unassigned,1,1
OG0005652,unassigned,1,1
OG0005653,unassigned,1,1
OG0005654,unassigned,1,1
OG0005655,unassigned,1,1
OG0005656,unassigned,1,1
OG0005657,unassigned,1,1
OG0005658,unassigned,1,1
OG0005659,unassigned,1,1
OG0005660,unassigned,1,1
OG0005661,unassigned,1,1
OG0005662,unassigned,1,1
OG0005663,unassigned,1,1
OG0005664,unassigned,1,1
OG0005665,unassigned,1,1
OG0005666,unassigned,1,1
OG0005667,unassigned,1,1
OG0005668,unassigned,1,1
OG0005669,unassigned,1,1
OG0005670,unassigned,1,1
OG0005671,unassigned,1,1
OG0005672,unassigned,1,1
OG0005673,unassigned,1,1
OG0005674,unassigned,1,1
OG0005675,unassigned,1,1
OG0005676,unassigned,1,1
OG0005677,unassigned,1,1
OG0005678,unassigned,1,1
OG0005679,unassigned,1,1
OG0005680,unassigned,1,1
OG0005681,unassigned,1,1
OG0005682,unassigned,1,1
OG0005683,unassigned,1,1
OG0005684,unassigned,1,1
OG0005685,unassigned,1,1
OG0005686,unassigned,1,1
OG0005687,unassigned,1,1
OG0005688,unassigned,1,1
OG0005689,unassigned,1,1
OG0005690,unassigned,1,1
OG0005691,unassigned,1,1
OG0005692,unassigned,1,1
OG0005693,unassigned,1,1
OG0005694,unassigned,1,1
OG0005695,unassigned,1,1
OG0005696,unassigned,1,1
OG0005697,unassigned,1,1
OG0005698,unassigned,1,1
OG0005699,unassigned,1,1
OG0005700,unassigned,1,1
OG0005701,unassigned,1,1
OG0005702,unassigned,1,1
OG0005703,unassigned,1,1
OG0005704,unassigned,1,1
OG0005705,unassigned,1,1
OG0005706,unassigned,1,1
OG0005707,unassigned,1,1
OG0005708,unassigned,1,1
OG0005709,unassigned,1,1
OG0005710,unassigned,1,1
OG0005711,unassigned,1,1
OG0005712,unassigned,1,1
OG0005713,unassigned,1,1
OG0005714,unassigned,1,1
OG0005715,unassigned,1,1
OG0005716,unassigned,1,1
OG0005717,unassigned,1,1
OG0005718,unassigned,1,1
OG0005719,unassigned,1,1
OG0005720,unassigned,1,1
OG0005721,unassigned,1,1
OG0005722,unassigned,1,1
OG0005723,unassigned,1,1
OG0005724,unassigned,1,1
OG0005725,unassigned,1,1
OG0005726,unassigned,1,1
OG0005727,unassigned,1,1
OG0005728,unassigned,1,1
OG0005729,unassigned,1,1
OG0005730,unassigned,1,1
OG0005731,unassigned,1,1
OG0005732,unassigned,1,1
OG0005733,unassigned,1,1
OG0005734,unassigned,1,1
OG0005735,unassigned,1,1
OG0005736,unassigned,1,1
OG0005737,unassigned,1,1
OG0005738,unassigned,1,1
OG0005739,unassigned,1,1
OG0005740,unassigned,1,1
OG0005741,unassigned,1,1
OG0005742,unassigned,1,1
OG0005743,unassigned,1,1
OG0005744,unassigned,1,1
OG0005745,unassigned,1,1
OG0005746,unassigned,1,1
OG0005747,unassigned,1,1
OG0005748,unassigned,1,1
OG0005749,unassigned,1,1
OG0005750,unassigned,1,1
OG0005751,unassigned,1,1
OG0005752,unassigned,1,1
OG0005753,unassigned,1,1
OG0005754,unassigned,1,1
OG0005755,unassigned,1,1
OG0005756,unassigned,1,1
OG0005757,unassigned,1,1
OG0005758,unassigned,1,1
OG0005759,unassigned,1,1
OG0005760,unassigned,1,1
OG0005761,unassigned,1,1
OG0005762,unassigned,1,1
OG0005763,unassigned,1,1
OG0005764,unassigned,1,1
OG0005765,unassigned,1,1
OG0005766,unassigned,1,1
OG0005767,unassigned,1,1
OG0005768,unassigned,1,1
OG0005769,unassigned,1,1
OG0005770,unassigned,1,1
OG0005771,unassigned,1,1
OG0005772,unassigned,1,1
OG0005773,unassigned,1,1
OG0005774,unassigned,1,1
OG0005775,unassigned,1,1
OG0005776,unassigned,1,1
OG0005777,unassigned,1,1
OG0005778,unassigned,1,1
OG0005779,unassigned,1,1
OG0005780,unassigned,1,1
OG0005781,unassigned,1,1
OG0005782,unassigned,1,1
OG0005783,unassigned,1,1
OG0005784,unassigned,1,1
OG0005785,unassigned,1,1
OG0005786,unassigned,1,1
OG0005787,unassigned,1,1
OG0005788,unassigned,1,1
OG0005789,unassigned,1,1
OG0005790,unassigned,1,1
OG0005791,unassigned,1,1
OG0005792,unassigned,1,1
OG0005793,unassigned,1,1
OG0005794,unassigned,1,1
OG0005795,unassigned,1,1
OG0005796,unassigned,1,1
OG0005797,unassigned,1,1
OG0005798,unassigned,1,1
OG0005799,unassigned,1,1
OG0005800,unassigned,1,1
OG0005801,unassigned,1,1
OG0005802,unassigned,1,1
OG0005803,unassigned,1,1
OG0005804,unassigned,1,1
OG0005805,unassigned,1,1
OG0005806,unassigned,1,1
OG0005807,unassigned,1,1
OG0005808,unassigned,1,1
OG0005809,unassigned,1,1
OG0005810,unassigned,1,1
OG0005811,unassigned,1,1
OG0005812,unassigned,1,1
OG0005813,unassigned,1,1
OG0005814,unassigned,1,1
OG0005815,unassigned,1,1
OG0005816,unassigned,1,1
OG0005817,unassigned,1,1
OG0005818,unassigned,1,1
OG0005819,unassigned,1,1
OG0005820,unassigned,1,1
OG0005821,unassigned,1,1
OG0005822,unassigned,1,1
OG0005823,unassigned,1,1
OG0005824,unassigned,1,1
OG0005825,unassigned,1,1
OG0005826,unassigned,1,1
OG0005827,unassigned,1,1
OG0005828,unassigned,1,1
OG0005829,unassigned,1,1
OG0005830,unassigned,1,1
OG0005831,unassigned,1,1
OG0005832,unassigned,1,1
OG0005833,unassigned,1,1
OG0005834,unassigned,1,1
OG0005835,unassigned,1,1
OG0005836,unassigned,1,1
OG0005837,unassigned,1,1
OG0005838,unassigned,1,1
OG0005839,unassigned,1,1
OG0005840,unassigned,1,1
OG0005841,unassigned,1,1
OG0005842,unassigned,1,1
OG0005843,unassigned,1,1
OG0005844,unassigned,1,1
OG0005845,unassigned,1,1
OG0005846,unassigned,1,1
OG0005847,unassigned,1,1
OG0005848,unassigned,1,1
OG0005849,unassigned,1,1
OG0005850,unassigned,1,1
OG0005851,unassigned,1,1
OG0005852,unassigned,1,1
OG0005853,unassigned,1,1
OG0005854,unassigned,1,1
OG0005855,unassigned,1,1
OG0005856,unassigned,1,1
OG0005857,unassigned,1,1
OG0005858,unassigned,1,1
OG0005859,unassigned,1,1
OG0005860,unassigned,1,1
OG0005861,unassigned,1,1
OG0005862,unassigned,1,1
OG0005863,unassigned,1,1
OG0005864,unassigned,1,1
OG0005865,unassigned,1,1
OG0005866,unassigned,1,1
OG0005867,unassigned,1,1
OG0005868,unassigned,1,1
OG0005869,unassigned,1,1
OG0005870,unassigned,1,1
OG0005871,unassigned,1,1
OG0005872,unassigned,1,1
OG0005873,unassigned,1,1
OG0005874,unassigned,1,1
OG0005875,unassigned,1,1
OG0005876,unassigned,1,1
OG0005877,unassigned,1,1
OG0005878,unassigned,1,1
OG0005879,unassigned,1,1
OG0005880,unassigned,1,1
OG0005881,unassigned,1,1
OG0005882,unassigned,1,1
OG0005883,unassigned,1,1
OG0005884,unassigned,1,1
OG0005885,unassigned,1,1
OG0005886,unassigned,1,1
OG0005887,unassigned,1,1
OG0005888,unassigned,1,1
OG0005889,unassigned,1,1
OG0005890,unassigned,1,1
OG0005891,unassigned,1,1
OG0005892,unassigned,1,1
OG0005893,unassigned,1,1
OG0005894,unassigned,1,1
OG0005895,unassigned,1,1
OG0005896,unassigned,1,1
OG0005897,unassigned,1,1
OG0005898,unassigned,1,1
OG0005899,unassigned,1,1
OG0005900,unassigned,1,1
OG0005901,unassigned,1,1
OG0005902,unassigned,1,1
OG0005903,unassigned,1,1
OG0005904,unassigned,1,1
OG0005905,unassigned,1,1
OG0005906,unassigned,1,1
OG0005907,unassigned,1,1
OG0005908,unassigned,1,1
OG0005909,unassigned,1,1
OG0005910,unassigned,1,1
OG0005911,unassigned,1,1
OG0005912,unassigned,1,1
OG0005913,unassigned,1,1
OG0005914,unassigned,1,1
OG0005915,unassigned,1,1
OG0005916,unassigned,1,1
OG0005917,unassigned,1,1
OG0005918,unassigned,1,1
OG0005919,unassigned,1,1
OG0005920,unassigned,1,1
OG0005921,unassigned,1,1
OG0005922,unassigned,1,1
OG0005923,unassigned,1,1
OG0005924,unassigned,1,1
OG0005925,unassigned,1,1
OG0005926,unassigned,1,1
OG0005927,unassigned,1,1
OG0005928,unassigned,1,1
OG0005929,unassigned,1,1
OG0005930,unassigned,1,1
OG0005931,unassigned,1,1
OG0005932,unassigned,1,1
OG0005933,unassigned,1,1
OG0005934,unassigned,1,1
OG0005935,unassigned,1,1
OG0005936,unassigned,1,1
OG0005937,unassigned,1,1
OG0005938,unassigned,1,1
OG0005939,unassigned,1,1
OG0005940,unassigned,1,1
OG0005941,unassigned,1,1
OG0005942,unassigned,1,1
OG0005943,unassigned,1,1
OG0005944,unassigned,1,1
OG0005945,unassigned,1,1
OG0005946,unassigned,1,1
OG0005947,unassigned,1,1
OG0005948,unassigned,1,1
OG0005949,unassigned,1,1
OG0005950,unassigned,1,1
OG0005951,unassigned,1,1
OG0005952,unassigned,1,1
OG0005953,unassigned,1,1
OG0005954,unassigned,1,1
OG0005955,unassigned,1,1
OG0005956,unassigned,1,1
OG0005957,unassigned,1,1
OG0005958,unassigned,1,1
OG0005959,unassigned,1,1
OG0005960,unassigned,1,1
OG0005961,unassigned,1,1
OG0005962,unassigned,1,1
OG0005963,unassigned,1,1
OG0005964,unassigned,1,1
OG0005965,unassigned,1,1
OG0005966,unassigned,1,1
OG0005967,unassigned,1,1
OG0005968,unassigned,1,1
OG0005969,unassigned,1,1
OG0005970,unassigned,1,1
OG0005971,unassigned,1,1
OG0005972,unassigned,1,1
OG0005973,unassigned,1,1
OG0005974,unassigned,1,1
OG0005975,unassigned,1,1
OG0005976,unassigned,1,1
OG0005977,unassigned,1,1
OG0005978,unassigned,1,1
OG0005979,unassigned,1,1
OG0005980,unassigned,1,1
OG0005981,unassigned,1,1
OG0005982,unassigned,1,1
OG0005983,unassigned,1,1
OG0005984,unassigned,1,1
OG0005985,unassigned,1,1
OG0005986,unassigned,1,1
OG0005987,unassigned,1,1
OG0005988,unassigned,1,1
OG0005989,unassigned,1,1
OG0005990,unassigned,1,1
OG0005991,unassigned,1,1
OG0005992,unassigned,1,1
OG0005993,unassigned,1,1
OG0005994,unassigned,1,1
OG0005995,unassigned,1,1
OG0005996,unassigned,1,1
OG0005997,unassigned,1,1
OG0005998,unassigned,1,1
OG0005999,unassigned,1,1
OG0006000,unassigned,1,1
OG0006001,unassigned,1,1
OG0006002,unassigned,1,1
OG0006003,unassigned,1,1
OG0006004,unassigned,1,1
OG0006005,unassigned,1,1
OG0006006,unassigned,1,1
OG0006007,unassigned,1,1
OG0006008,unassigned,1,1
OG0006009,unassigned,1,1
OG0006010,unassigned,1,1
OG0006011,unassigned,1,1
OG0006012,unassigned,1,1
OG0006013,unassigned,1,1
OG0006014,unassigned,1,1
OG0006015,unassigned,1,1
OG0006016,unassigned,1,1
OG0006017,unassigned,1,1
OG0006018,unassigned,1,1
OG0006019,unassigned,1,1
OG0006020,unassigned,1,1
OG0006021,unassigned,1,1
OG0006022,unassigned,1,1
OG0006023,unassigned,1,1
OG0006024,unassigned,1,1
OG0006025,unassigned,1,1
OG0006026,unassigned,1,1
OG0006027,unassigned,1,1
OG0006028,unassigned,1,1
OG0006029,unassigned,1,1
OG0006030,unassigned,1,1
OG0006031,unassigned,1,1
OG0006032,unassigned,1,1
OG0006033,unassigned,1,1
OG0006034,unassigned,1,1
OG0006035,unassigned,1,1
OG0006036,unassigned,1,1
OG0006037,unassigned,1,1
OG0006038,unassigned,1,1
OG0006039,unassigned,1,1
OG0006040,unassigned,1,1
OG0006041,unassigned,1,1
OG0006042,unassigned,1,1
OG0006043,unassigned,1,1
OG0006044,unassigned,1,1
OG0006045,unassigned,1,1
OG0006046,unassigned,1,1
OG0006047,unassigned,1,1
OG0006048,unassigned,1,1
OG0006049,unassigned,1,1
OG0006050,unassigned,1,1
OG0006051,unassigned,1,1
OG0006052,unassigned,1,1
OG0006053,unassigned,1,1
OG0006054,unassigned,1,1
OG0006055,unassigned,1,1
OG0006056,unassigned,1,1
OG0006057,unassigned,1,1
OG0006058,unassigned,1,1
OG0006059,unassigned,1,1
OG0006060,unassigned,1,1
OG0006061,unassigned,1,1
OG0006062,unassigned,1,1
OG0006063,unassigned,1,1
OG0006064,unassigned,1,1
OG0006065,unassigned,1,1
OG0006066,unassigned,1,1
OG0006067,unassigned,1,1
OG0006068,unassigned,1,1
OG0006069,unassigned,1,1
OG0006070,unassigned,1,1
OG0006071,unassigned,1,1
OG0006072,unassigned,1,1
OG0006073,unassigned,1,1
OG0006074,unassigned,1,1
OG0006075,unassigned,1,1
OG0006076,unassigned,1,1
OG0006077,unassigned,1,1
OG0006078,unassigned,1,1
OG0006079,unassigned,1,1
OG0006080,unassigned,1,1
OG0006081,unassigned,1,1
OG0006082,unassigned,1,1
OG0006083,unassigned,1,1
OG0006084,unassigned,1,1
OG0006085,unassigned,1,1
OG0006086,unassigned,1,1
OG0006087,unassigned,1,1
OG0006088,unassigned,1,1
OG0006089,unassigned,1,1
OG0006090,unassigned,1,1
OG0006091,unassigned,1,1
OG0006092,unassigned,1,1
OG0006093,unassigned,1,1
OG0006094,unassigned,1,1
OG0006095,unassigned,1,1
OG0006096,unassigned,1,1
OG0006097,unassigned,1,1
OG0006098,unassigned,1,1
OG0006099,unassigned,1,1
OG0006100,unassigned,1,1
OG0006101,unassigned,1,1
OG0006102,unassigned,1,1
OG0006103,unassigned,1,1
OG0006104,unassigned,1,1
OG0006105,unassigned,1,1
OG0006106,unassigned,1,1
OG0006107,unassigned,1,1
OG0006108,unassigned,1,1
OG0006109,unassigned,1,1
OG0006110,unassigned,1,1
OG0006111,unassigned,1,1
OG0006112,unassigned,1,1
OG0006113,unassigned,1,1
OG0006114,unassigned,1,1
OG0006115,unassigned,1,1
OG0006116,unassigned,1,1
OG0006117,unassigned,1,1
OG0006118,unassigned,1,1
OG0006119,unassigned,1,1
OG0006120,unassigned,1,1
OG0006121,unassigned,1,1
OG0006122,unassigned,1,1
OG0006123,unassigned,1,1
OG0006124,unassigned,1,1
OG0006125,unassigned,1,1
OG0006126,unassigned,1,1
OG0006127,unassigned,1,1
OG0006128,unassigned,1,1
OG0006129,unassigned,1,1
OG0006130,unassigned,1,1
OG0006131,unassigned,1,1
OG0006132,unassigned,1,1
OG0006133,unassigned,1,1
OG0006134,unassigned,1,1
OG0006135,unassigned,1,1
OG0006136,unassigned,1,1
OG0006137,unassigned,1,1
OG0006138,unassigned,1,1
OG0006139,unassigned,1,1
OG0006140,unassigned,1,1
OG0006141,unassigned,1,1
OG0006142,unassigned,1,1
OG0006143,unassigned,1,1
OG0006144,unassigned,1,1
OG0006145,unassigned,1,1
OG0006146,unassigned,1,1
OG0006147,unassigned,1,1
OG0006148,unassigned,1,1
OG0006149,unassigned,1,1
OG0006150,unassigned,1,1
OG0006151,unassigned,1,1
OG0006152,unassigned,1,1
OG0006153,unassigned,1,1
OG0006154,unassigned,1,1
OG0006155,unassigned,1,1
OG0006156,unassigned,1,1
OG0006157,unassigned,1,1
OG0006158,unassigned,1,1
OG0006159,unassigned,1,1
OG0006160,unassigned,1,1
OG0006161,unassigned,1,1
OG0006162,unassigned,1,1
OG0006163,unassigned,1,1
OG0006164,unassigned,1,1
OG0006165,unassigned,1,1
OG0006166,unassigned,1,1
OG0006167,unassigned,1,1
OG0006168,unassigned,1,1
OG0006169,unassigned,1,1
